<?xml version="1.0" encoding="UTF-8" standalone="yes"?><imgdir name="01012131.img"><imgdir name="info"><canvas name="icon" width="26" height="31"><vector name="origin" x="-3" y="32"/></canvas><canvas name="iconRaw" width="23" height="29"><vector name="origin" x="-4" y="31"/></canvas><string name="islot" value="Af"/><string name="vslot" value="Af"/><int name="reqJob" value="0"/><int name="reqLevel" value="0"/><int name="reqSTR" value="0"/><int name="reqDEX" value="0"/><int name="reqINT" value="0"/><int name="reqLUK" value="0"/><int name="incDEX" value="0"/><int name="cash" value="1"/></imgdir><imgdir name="default"><canvas name="default" width="21" height="7"><vector name="origin" x="5" y="0"/><imgdir name="map"><vector name="brow" x="4" y="-15"/></imgdir><string name="z" value="accessoryFace"/></canvas></imgdir><imgdir name="blink"><imgdir name="0"><canvas name="default" width="21" height="7"><vector name="origin" x="5" y="0"/><imgdir name="map"><vector name="brow" x="4" y="-15"/></imgdir><string name="z" value="accessoryFace"/></canvas></imgdir><imgdir name="1"><uol name="default" value="../0/default"/></imgdir><imgdir name="2"><uol name="default" value="../0/default"/></imgdir></imgdir><imgdir name="hit"><imgdir name="0"><canvas name="default" width="15" height="4"><vector name="origin" x="14" y="17"/><imgdir name="map"><vector name="brow" x="-8" y="-33"/></imgdir><string name="z" value="accessoryFace"/></canvas></imgdir></imgdir><imgdir name="smile"><imgdir name="0"><canvas name="default" width="15" height="6"><vector name="origin" x="15" y="18"/><imgdir name="map"><vector name="brow" x="-8" y="-33"/></imgdir><string name="z" value="accessoryFace"/></canvas></imgdir></imgdir><imgdir name="troubled"><imgdir name="0"><canvas name="default" width="8" height="6"><vector name="origin" x="13" y="17"/><imgdir name="map"><vector name="brow" x="-8" y="-34"/></imgdir><string name="z" value="accessoryFace"/></canvas></imgdir></imgdir><imgdir name="cry"><imgdir name="0"><canvas name="default" width="12" height="5"><vector name="origin" x="15" y="18"/><imgdir name="map"><vector name="brow" x="-9" y="-32"/></imgdir><string name="z" value="accessoryFace"/></canvas></imgdir></imgdir><imgdir name="angry"><imgdir name="0"><canvas name="default" width="3" height="2"><vector name="origin" x="7" y="-5"/><imgdir name="map"><vector name="brow" x="2" y="-19"/></imgdir><string name="z" value="accessoryFace"/></canvas></imgdir></imgdir><imgdir name="bewildered"><imgdir name="0"><canvas name="default" width="15" height="4"><vector name="origin" x="7" y="2"/><imgdir name="map"><vector name="brow" x="1" y="-21"/></imgdir><string name="z" value="accessoryFace"/></canvas></imgdir></imgdir><imgdir name="stunned"><imgdir name="0"><canvas name="default" width="15" height="4"><vector name="origin" x="7" y="2"/><imgdir name="map"><vector name="brow" x="1" y="-21"/></imgdir><string name="z" value="accessoryFace"/></canvas></imgdir></imgdir><imgdir name="vomit"><imgdir name="0"><canvas name="default" width="3" height="2"><vector name="origin" x="7" y="-5"/><imgdir name="map"><vector name="brow" x="2" y="-19"/></imgdir><string name="z" value="accessoryFace"/></canvas></imgdir><imgdir name="1"><uol name="default" value="../0/default"/></imgdir></imgdir><imgdir name="oops"><imgdir name="0"><canvas name="default" width="8" height="6"><vector name="origin" x="13" y="17"/><imgdir name="map"><vector name="brow" x="-8" y="-34"/></imgdir><string name="z" value="accessoryFace"/></canvas></imgdir></imgdir><imgdir name="cheers"><imgdir name="0"><canvas name="default" width="10" height="10"><vector name="origin" x="14" y="18"/><imgdir name="map"><vector name="brow" x="-8" y="-32"/></imgdir><string name="z" value="accessoryFace"/></canvas></imgdir></imgdir><imgdir name="chu"><imgdir name="0"><canvas name="default" width="3" height="2"><vector name="origin" x="7" y="-5"/><imgdir name="map"><vector name="brow" x="2" y="-19"/></imgdir><string name="z" value="accessoryFace"/></canvas></imgdir></imgdir><imgdir name="wink"><imgdir name="0"><canvas name="default" width="21" height="7"><vector name="origin" x="17" y="18"/><imgdir name="map"><vector name="brow" x="-8" y="-33"/></imgdir><string name="z" value="accessoryFace"/></canvas></imgdir></imgdir><imgdir name="pain"><imgdir name="0"><canvas name="default" width="6" height="10"><vector name="origin" x="12" y="18"/><imgdir name="map"><vector name="brow" x="-8" y="-32"/></imgdir><string name="z" value="accessoryFace"/></canvas></imgdir></imgdir><imgdir name="glitter"><imgdir name="0"><canvas name="default" width="13" height="5"><vector name="origin" x="6" y="2"/><imgdir name="map"><vector name="brow" x="1" y="-18"/></imgdir><string name="z" value="accessoryFace"/></canvas></imgdir><imgdir name="1"><uol name="default" value="../0/default"/></imgdir></imgdir><imgdir name="shine"><imgdir name="0"><canvas name="default" width="13" height="5"><vector name="origin" x="6" y="2"/><imgdir name="map"><vector name="brow" x="1" y="-17"/></imgdir><string name="z" value="accessoryFace"/></canvas></imgdir></imgdir><imgdir name="love"><imgdir name="0"><canvas name="default" width="3" height="2"><vector name="origin" x="4" y="0"/><imgdir name="map"><vector name="brow" x="2" y="-19"/></imgdir><string name="z" value="accessoryFace"/></canvas></imgdir><imgdir name="1"><uol name="default" value="../0/default"/></imgdir></imgdir><imgdir name="despair"><imgdir name="0"><canvas name="default" width="3" height="2"><vector name="origin" x="4" y="0"/><imgdir name="map"><vector name="brow" x="2" y="-19"/></imgdir><string name="z" value="accessoryFace"/></canvas></imgdir><imgdir name="1"><uol name="default" value="../0/default"/></imgdir></imgdir><imgdir name="blaze"><imgdir name="0"><canvas name="default" width="3" height="2"><vector name="origin" x="4" y="0"/><imgdir name="map"><vector name="brow" x="2" y="-19"/></imgdir><string name="z" value="accessoryFace"/></canvas></imgdir><imgdir name="1"><uol name="default" value="../0/default"/></imgdir></imgdir><imgdir name="hum"><imgdir name="0"><canvas name="default" width="3" height="2"><vector name="origin" x="7" y="-5"/><imgdir name="map"><vector name="brow" x="2" y="-19"/></imgdir><string name="z" value="accessoryFace"/></canvas></imgdir><imgdir name="1"><uol name="default" value="../0/default"/></imgdir></imgdir><imgdir name="bowing"><imgdir name="0"><canvas name="default" width="3" height="2"><vector name="origin" x="7" y="-5"/><imgdir name="map"><vector name="brow" x="2" y="-19"/></imgdir><string name="z" value="accessoryFace"/></canvas></imgdir><imgdir name="1"><uol name="default" value="../0/default"/></imgdir></imgdir><imgdir name="hot"><imgdir name="0"><canvas name="default" width="3" height="2"><vector name="origin" x="4" y="0"/><imgdir name="map"><vector name="brow" x="2" y="-19"/></imgdir><string name="z" value="accessoryFace"/></canvas></imgdir><imgdir name="1"><uol name="default" value="../0/default"/></imgdir></imgdir><imgdir name="dam"><imgdir name="0"><canvas name="default" width="3" height="2"><vector name="origin" x="7" y="-5"/><imgdir name="map"><vector name="brow" x="2" y="-19"/></imgdir><string name="z" value="accessoryFace"/></canvas></imgdir><imgdir name="1"><uol name="default" value="../0/default"/></imgdir></imgdir></imgdir>