<?xml version="1.0" encoding="UTF-8" standalone="yes"?><imgdir name="01022047.img"><imgdir name="info"><canvas name="icon" width="32" height="28"><vector name="origin" x="-1" y="28"/></canvas><canvas name="iconRaw" width="32" height="26"><vector name="origin" x="-1" y="28"/></canvas><string name="islot" value="Ay"/><string name="vslot" value="Ay"/><int name="reqJob" value="0"/><int name="reqLevel" value="20"/><int name="reqSTR" value="0"/><int name="reqDEX" value="0"/><int name="reqINT" value="0"/><int name="reqLUK" value="0"/><int name="tuc" value="7"/><int name="incMDD" value="1"/><int name="incACC" value="1"/><int name="price" value="1"/></imgdir><imgdir name="default"><canvas name="default" width="39" height="31"><vector name="origin" x="15" y="25"/><imgdir name="map"><vector name="brow" x="2" y="-15"/></imgdir><string name="z" value="accessoryEyeOverCap"/></canvas></imgdir><imgdir name="walk1"><imgdir name="0"><uol name="default" value="../../default/default"/></imgdir><imgdir name="1"><uol name="default" value="../../default/default"/></imgdir><imgdir name="2"><uol name="default" value="../../default/default"/></imgdir><imgdir name="3"><uol name="default" value="../../default/default"/></imgdir></imgdir><imgdir name="walk2"><imgdir name="0"><uol name="default" value="../../default/default"/></imgdir><imgdir name="1"><uol name="default" value="../../default/default"/></imgdir><imgdir name="2"><uol name="default" value="../../default/default"/></imgdir><imgdir name="3"><uol name="default" value="../../default/default"/></imgdir></imgdir><imgdir name="stand1"><imgdir name="0"><uol name="default" value="../../default/default"/></imgdir><imgdir name="1"><uol name="default" value="../../default/default"/></imgdir><imgdir name="2"><uol name="default" value="../../default/default"/></imgdir></imgdir><imgdir name="stand2"><imgdir name="0"><uol name="default" value="../../default/default"/></imgdir><imgdir name="1"><uol name="default" value="../../default/default"/></imgdir><imgdir name="2"><uol name="default" value="../../default/default"/></imgdir></imgdir><imgdir name="alert"><imgdir name="0"><uol name="default" value="../../default/default"/></imgdir><imgdir name="1"><uol name="default" value="../../default/default"/></imgdir><imgdir name="2"><uol name="default" value="../../default/default"/></imgdir></imgdir><imgdir name="swingO1"><imgdir name="0"><uol name="default" value="../../default/default"/></imgdir><imgdir name="1"><uol name="default" value="../../default/default"/></imgdir><imgdir name="2"><uol name="default" value="../../default/default"/></imgdir></imgdir><imgdir name="swingO2"><imgdir name="0"><uol name="default" value="../../default/default"/></imgdir><imgdir name="1"><uol name="default" value="../../default/default"/></imgdir><imgdir name="2"><uol name="default" value="../../default/default"/></imgdir></imgdir><imgdir name="swingO3"><imgdir name="0"><uol name="default" value="../../default/default"/></imgdir><imgdir name="1"><uol name="default" value="../../default/default"/></imgdir><imgdir name="2"><uol name="default" value="../../default/default"/></imgdir></imgdir><imgdir name="swingOF"><imgdir name="0"><uol name="default" value="../../default/default"/></imgdir><imgdir name="2"><uol name="default" value="../../default/default"/></imgdir><imgdir name="3"><uol name="default" value="../../default/default"/></imgdir></imgdir><imgdir name="swingT1"><imgdir name="0"><uol name="default" value="../../default/default"/></imgdir><imgdir name="1"><uol name="default" value="../../default/default"/></imgdir><imgdir name="2"><uol name="default" value="../../default/default"/></imgdir></imgdir><imgdir name="swingT2"><imgdir name="0"><uol name="default" value="../../default/default"/></imgdir><imgdir name="1"><uol name="default" value="../../default/default"/></imgdir><imgdir name="2"><uol name="default" value="../../default/default"/></imgdir></imgdir><imgdir name="swingT3"><imgdir name="0"><uol name="default" value="../../default/default"/></imgdir><imgdir name="1"><uol name="default" value="../../default/default"/></imgdir><imgdir name="2"><uol name="default" value="../../default/default"/></imgdir></imgdir><imgdir name="swingTF"><imgdir name="1"><uol name="default" value="../../default/default"/></imgdir><imgdir name="2"><uol name="default" value="../../default/default"/></imgdir><imgdir name="3"><uol name="default" value="../../default/default"/></imgdir></imgdir><imgdir name="swingP1"><imgdir name="0"><uol name="default" value="../../default/default"/></imgdir><imgdir name="1"><uol name="default" value="../../default/default"/></imgdir><imgdir name="2"><uol name="default" value="../../default/default"/></imgdir></imgdir><imgdir name="swingP2"><imgdir name="0"><uol name="default" value="../../default/default"/></imgdir><imgdir name="1"><uol name="default" value="../../default/default"/></imgdir><imgdir name="2"><uol name="default" value="../../default/default"/></imgdir></imgdir><imgdir name="swingPF"><imgdir name="0"><uol name="default" value="../../default/default"/></imgdir><imgdir name="1"><uol name="default" value="../../default/default"/></imgdir><imgdir name="2"><uol name="default" value="../../default/default"/></imgdir><imgdir name="3"><uol name="default" value="../../default/default"/></imgdir></imgdir><imgdir name="stabO1"><imgdir name="0"><uol name="default" value="../../default/default"/></imgdir><imgdir name="1"><uol name="default" value="../../default/default"/></imgdir></imgdir><imgdir name="stabO2"><imgdir name="0"><uol name="default" value="../../default/default"/></imgdir><imgdir name="1"><uol name="default" value="../../default/default"/></imgdir></imgdir><imgdir name="stabOF"><imgdir name="0"><uol name="default" value="../../default/default"/></imgdir><imgdir name="1"><uol name="default" value="../../default/default"/></imgdir><imgdir name="2"><uol name="default" value="../../default/default"/></imgdir></imgdir><imgdir name="stabT1"><imgdir name="0"><uol name="default" value="../../default/default"/></imgdir><imgdir name="1"><uol name="default" value="../../default/default"/></imgdir><imgdir name="2"><uol name="default" value="../../default/default"/></imgdir></imgdir><imgdir name="stabT2"><imgdir name="0"><uol name="default" value="../../default/default"/></imgdir><imgdir name="1"><uol name="default" value="../../default/default"/></imgdir><imgdir name="2"><uol name="default" value="../../default/default"/></imgdir></imgdir><imgdir name="stabTF"><imgdir name="0"><uol name="default" value="../../default/default"/></imgdir><imgdir name="1"><uol name="default" value="../../default/default"/></imgdir><imgdir name="2"><uol name="default" value="../../default/default"/></imgdir><imgdir name="3"><uol name="default" value="../../default/default"/></imgdir></imgdir><imgdir name="shoot1"><imgdir name="0"><uol name="default" value="../../default/default"/></imgdir><imgdir name="1"><uol name="default" value="../../default/default"/></imgdir><imgdir name="2"><uol name="default" value="../../default/default"/></imgdir></imgdir><imgdir name="shoot2"><imgdir name="0"><uol name="default" value="../../default/default"/></imgdir><imgdir name="1"><uol name="default" value="../../default/default"/></imgdir><imgdir name="2"><uol name="default" value="../../default/default"/></imgdir><imgdir name="3"><uol name="default" value="../../default/default"/></imgdir><imgdir name="4"><uol name="default" value="../../default/default"/></imgdir></imgdir><imgdir name="shootF"><imgdir name="0"><uol name="default" value="../../default/default"/></imgdir><imgdir name="1"><uol name="default" value="../../default/default"/></imgdir><imgdir name="2"><uol name="default" value="../../default/default"/></imgdir></imgdir><imgdir name="proneStab"><imgdir name="0"><uol name="default" value="../../default/default"/></imgdir><imgdir name="1"><uol name="default" value="../../default/default"/></imgdir></imgdir><imgdir name="prone"><imgdir name="0"><uol name="default" value="../../default/default"/></imgdir></imgdir><imgdir name="heal"><imgdir name="0"><uol name="default" value="../../default/default"/></imgdir><imgdir name="1"><uol name="default" value="../../default/default"/></imgdir><imgdir name="2"><uol name="default" value="../../default/default"/></imgdir></imgdir><imgdir name="fly"><imgdir name="0"><uol name="default" value="../../default/default"/></imgdir><imgdir name="1"><uol name="default" value="../../default/default"/></imgdir></imgdir><imgdir name="jump"><imgdir name="0"><uol name="default" value="../../default/default"/></imgdir></imgdir><imgdir name="sit"><imgdir name="0"><uol name="default" value="../../default/default"/></imgdir></imgdir></imgdir>