<?xml version="1.0" encoding="UTF-8" standalone="yes"?><imgdir name="01022052.img"><imgdir name="info"><canvas name="icon" width="32" height="29"><vector name="origin" x="0" y="29"/></canvas><canvas name="iconRaw" width="32" height="28"><vector name="origin" x="0" y="29"/></canvas><string name="islot" value="Ay"/><string name="vslot" value="Ay"/><int name="reqJob" value="0"/><int name="reqLevel" value="0"/><int name="reqSTR" value="0"/><int name="reqDEX" value="0"/><int name="reqINT" value="0"/><int name="reqLUK" value="0"/><int name="cash" value="1"/></imgdir><imgdir name="default"><canvas name="default" width="38" height="11"><vector name="origin" x="16" y="-4"/><imgdir name="map"><vector name="brow" x="0" y="0"/></imgdir><string name="z" value="accessoryEye"/></canvas></imgdir><imgdir name="walk1"><imgdir name="0"><canvas name="default" width="38" height="11"><vector name="origin" x="16" y="-4"/><imgdir name="map"><vector name="brow" x="0" y="0"/></imgdir><string name="z" value="accessoryEye"/></canvas></imgdir><imgdir name="1"><canvas name="default" width="38" height="11"><vector name="origin" x="16" y="-4"/><imgdir name="map"><vector name="brow" x="0" y="0"/></imgdir><string name="z" value="accessoryEye"/></canvas></imgdir><imgdir name="2"><canvas name="default" width="38" height="11"><vector name="origin" x="16" y="-4"/><imgdir name="map"><vector name="brow" x="0" y="0"/></imgdir><string name="z" value="accessoryEye"/></canvas></imgdir><imgdir name="3"><canvas name="default" width="38" height="11"><vector name="origin" x="16" y="-4"/><imgdir name="map"><vector name="brow" x="0" y="0"/></imgdir><string name="z" value="accessoryEye"/></canvas></imgdir></imgdir><imgdir name="walk2"><imgdir name="0"><canvas name="default" width="38" height="11"><vector name="origin" x="16" y="-4"/><imgdir name="map"><vector name="brow" x="0" y="0"/></imgdir><string name="z" value="accessoryEye"/></canvas></imgdir><imgdir name="1"><canvas name="default" width="38" height="11"><vector name="origin" x="16" y="-4"/><imgdir name="map"><vector name="brow" x="0" y="0"/></imgdir><string name="z" value="accessoryEye"/></canvas></imgdir><imgdir name="2"><canvas name="default" width="38" height="11"><vector name="origin" x="16" y="-4"/><imgdir name="map"><vector name="brow" x="0" y="0"/></imgdir><string name="z" value="accessoryEye"/></canvas></imgdir><imgdir name="3"><canvas name="default" width="38" height="11"><vector name="origin" x="16" y="-4"/><imgdir name="map"><vector name="brow" x="0" y="0"/></imgdir><string name="z" value="accessoryEye"/></canvas></imgdir></imgdir><imgdir name="stand1"><imgdir name="0"><canvas name="default" width="38" height="11"><vector name="origin" x="16" y="-4"/><imgdir name="map"><vector name="brow" x="0" y="0"/></imgdir><string name="z" value="accessoryEye"/></canvas></imgdir><imgdir name="1"><canvas name="default" width="38" height="11"><vector name="origin" x="16" y="-4"/><imgdir name="map"><vector name="brow" x="0" y="0"/></imgdir><string name="z" value="accessoryEye"/></canvas></imgdir><imgdir name="2"><canvas name="default" width="38" height="11"><vector name="origin" x="16" y="-4"/><imgdir name="map"><vector name="brow" x="0" y="0"/></imgdir><string name="z" value="accessoryEye"/></canvas></imgdir></imgdir><imgdir name="stand2"><imgdir name="0"><canvas name="default" width="38" height="11"><vector name="origin" x="16" y="-4"/><imgdir name="map"><vector name="brow" x="0" y="0"/></imgdir><string name="z" value="accessoryEye"/></canvas></imgdir><imgdir name="1"><canvas name="default" width="38" height="11"><vector name="origin" x="16" y="-4"/><imgdir name="map"><vector name="brow" x="0" y="0"/></imgdir><string name="z" value="accessoryEye"/></canvas></imgdir><imgdir name="2"><canvas name="default" width="38" height="11"><vector name="origin" x="16" y="-4"/><imgdir name="map"><vector name="brow" x="0" y="0"/></imgdir><string name="z" value="accessoryEye"/></canvas></imgdir></imgdir><imgdir name="alert"><imgdir name="0"><canvas name="default" width="38" height="11"><vector name="origin" x="16" y="-4"/><imgdir name="map"><vector name="brow" x="0" y="0"/></imgdir><string name="z" value="accessoryEye"/></canvas></imgdir><imgdir name="1"><canvas name="default" width="38" height="11"><vector name="origin" x="16" y="-4"/><imgdir name="map"><vector name="brow" x="0" y="0"/></imgdir><string name="z" value="accessoryEye"/></canvas></imgdir><imgdir name="2"><canvas name="default" width="38" height="11"><vector name="origin" x="16" y="-4"/><imgdir name="map"><vector name="brow" x="0" y="0"/></imgdir><string name="z" value="accessoryEye"/></canvas></imgdir></imgdir><imgdir name="swingO1"><imgdir name="0"><canvas name="default" width="38" height="11"><vector name="origin" x="16" y="-4"/><imgdir name="map"><vector name="brow" x="0" y="0"/></imgdir><string name="z" value="accessoryEye"/></canvas></imgdir><imgdir name="1"><canvas name="default" width="40" height="13"><vector name="origin" x="18" y="-4"/><imgdir name="map"><vector name="brow" x="0" y="0"/></imgdir><string name="z" value="accessoryEye"/></canvas></imgdir><imgdir name="2"><canvas name="default" width="40" height="14"><vector name="origin" x="18" y="-4"/><imgdir name="map"><vector name="brow" x="0" y="0"/></imgdir><string name="z" value="accessoryEye"/></canvas></imgdir></imgdir><imgdir name="swingO2"><imgdir name="0"><canvas name="default" width="38" height="11"><vector name="origin" x="16" y="-4"/><imgdir name="map"><vector name="brow" x="0" y="0"/></imgdir><string name="z" value="accessoryEye"/></canvas></imgdir><imgdir name="1"><canvas name="default" width="40" height="13"><vector name="origin" x="18" y="-4"/><imgdir name="map"><vector name="brow" x="0" y="0"/></imgdir><string name="z" value="accessoryEye"/></canvas></imgdir><imgdir name="2"><canvas name="default" width="40" height="14"><vector name="origin" x="18" y="-4"/><imgdir name="map"><vector name="brow" x="0" y="0"/></imgdir><string name="z" value="accessoryEye"/></canvas></imgdir></imgdir><imgdir name="swingO3"><imgdir name="0"><canvas name="default" width="38" height="11"><vector name="origin" x="16" y="-4"/><imgdir name="map"><vector name="brow" x="0" y="0"/></imgdir><string name="z" value="accessoryEye"/></canvas></imgdir><imgdir name="1"><canvas name="default" width="40" height="13"><vector name="origin" x="18" y="-4"/><imgdir name="map"><vector name="brow" x="0" y="0"/></imgdir><string name="z" value="accessoryEye"/></canvas></imgdir><imgdir name="2"><canvas name="default" width="40" height="14"><vector name="origin" x="18" y="-4"/><imgdir name="map"><vector name="brow" x="0" y="0"/></imgdir><string name="z" value="accessoryEye"/></canvas></imgdir></imgdir><imgdir name="swingOF"><imgdir name="0"><canvas name="default" width="38" height="11"><vector name="origin" x="16" y="-4"/><imgdir name="map"><vector name="brow" x="0" y="0"/></imgdir><string name="z" value="accessoryEye"/></canvas></imgdir><imgdir name="2"><canvas name="default" width="40" height="13"><vector name="origin" x="18" y="-4"/><imgdir name="map"><vector name="brow" x="0" y="0"/></imgdir><string name="z" value="accessoryEye"/></canvas></imgdir><imgdir name="3"><canvas name="default" width="40" height="14"><vector name="origin" x="18" y="-4"/><imgdir name="map"><vector name="brow" x="0" y="0"/></imgdir><string name="z" value="accessoryEye"/></canvas></imgdir></imgdir><imgdir name="swingT1"><imgdir name="0"><canvas name="default" width="38" height="11"><vector name="origin" x="16" y="-4"/><imgdir name="map"><vector name="brow" x="0" y="0"/></imgdir><string name="z" value="accessoryEye"/></canvas></imgdir><imgdir name="1"><canvas name="default" width="40" height="13"><vector name="origin" x="18" y="-4"/><imgdir name="map"><vector name="brow" x="0" y="0"/></imgdir><string name="z" value="accessoryEye"/></canvas></imgdir><imgdir name="2"><canvas name="default" width="39" height="14"><vector name="origin" x="17" y="-4"/><imgdir name="map"><vector name="brow" x="0" y="0"/></imgdir><string name="z" value="accessoryEye"/></canvas></imgdir></imgdir><imgdir name="swingT2"><imgdir name="0"><canvas name="default" width="38" height="11"><vector name="origin" x="16" y="-4"/><imgdir name="map"><vector name="brow" x="0" y="0"/></imgdir><string name="z" value="accessoryEye"/></canvas></imgdir><imgdir name="1"><canvas name="default" width="40" height="13"><vector name="origin" x="18" y="-4"/><imgdir name="map"><vector name="brow" x="0" y="0"/></imgdir><string name="z" value="accessoryEye"/></canvas></imgdir><imgdir name="2"><canvas name="default" width="40" height="14"><vector name="origin" x="18" y="-4"/><imgdir name="map"><vector name="brow" x="0" y="0"/></imgdir><string name="z" value="accessoryEye"/></canvas></imgdir></imgdir><imgdir name="swingT3"><imgdir name="0"><canvas name="default" width="38" height="11"><vector name="origin" x="16" y="-4"/><imgdir name="map"><vector name="brow" x="0" y="0"/></imgdir><string name="z" value="accessoryEye"/></canvas></imgdir><imgdir name="1"><canvas name="default" width="40" height="13"><vector name="origin" x="18" y="-4"/><imgdir name="map"><vector name="brow" x="0" y="0"/></imgdir><string name="z" value="accessoryEye"/></canvas></imgdir><imgdir name="2"><canvas name="default" width="40" height="14"><vector name="origin" x="18" y="-4"/><imgdir name="map"><vector name="brow" x="0" y="0"/></imgdir><string name="z" value="accessoryEye"/></canvas></imgdir></imgdir><imgdir name="swingTF"><imgdir name="1"><canvas name="default" width="38" height="11"><vector name="origin" x="16" y="-4"/><imgdir name="map"><vector name="brow" x="0" y="0"/></imgdir><string name="z" value="accessoryEye"/></canvas></imgdir><imgdir name="2"><canvas name="default" width="40" height="13"><vector name="origin" x="18" y="-4"/><imgdir name="map"><vector name="brow" x="0" y="0"/></imgdir><string name="z" value="accessoryEye"/></canvas></imgdir><imgdir name="3"><canvas name="default" width="40" height="14"><vector name="origin" x="18" y="-4"/><imgdir name="map"><vector name="brow" x="0" y="0"/></imgdir><string name="z" value="accessoryEye"/></canvas></imgdir></imgdir><imgdir name="swingP1"><imgdir name="0"><canvas name="default" width="38" height="11"><vector name="origin" x="16" y="-4"/><imgdir name="map"><vector name="brow" x="0" y="0"/></imgdir><string name="z" value="accessoryEye"/></canvas></imgdir><imgdir name="1"><canvas name="default" width="40" height="13"><vector name="origin" x="18" y="-4"/><imgdir name="map"><vector name="brow" x="0" y="0"/></imgdir><string name="z" value="accessoryEye"/></canvas></imgdir><imgdir name="2"><canvas name="default" width="40" height="14"><vector name="origin" x="18" y="-4"/><imgdir name="map"><vector name="brow" x="0" y="0"/></imgdir><string name="z" value="accessoryEye"/></canvas></imgdir></imgdir><imgdir name="swingP2"><imgdir name="0"><canvas name="default" width="38" height="11"><vector name="origin" x="16" y="-4"/><imgdir name="map"><vector name="brow" x="0" y="0"/></imgdir><string name="z" value="accessoryEye"/></canvas></imgdir><imgdir name="1"><canvas name="default" width="40" height="13"><vector name="origin" x="18" y="-4"/><imgdir name="map"><vector name="brow" x="0" y="0"/></imgdir><string name="z" value="accessoryEye"/></canvas></imgdir><imgdir name="2"><canvas name="default" width="40" height="14"><vector name="origin" x="18" y="-4"/><imgdir name="map"><vector name="brow" x="0" y="0"/></imgdir><string name="z" value="accessoryEye"/></canvas></imgdir></imgdir><imgdir name="swingPF"><imgdir name="0"><canvas name="default" width="38" height="11"><vector name="origin" x="16" y="-4"/><imgdir name="map"><vector name="brow" x="0" y="0"/></imgdir><string name="z" value="accessoryEye"/></canvas></imgdir><imgdir name="1"><canvas name="default" width="38" height="11"><vector name="origin" x="16" y="-4"/><imgdir name="map"><vector name="brow" x="0" y="0"/></imgdir><string name="z" value="accessoryEye"/></canvas></imgdir><imgdir name="2"><canvas name="default" width="38" height="11"><vector name="origin" x="16" y="-4"/><imgdir name="map"><vector name="brow" x="0" y="0"/></imgdir><string name="z" value="accessoryEye"/></canvas></imgdir><imgdir name="3"><canvas name="default" width="40" height="14"><vector name="origin" x="18" y="-4"/><imgdir name="map"><vector name="brow" x="0" y="0"/></imgdir><string name="z" value="accessoryEye"/></canvas></imgdir></imgdir><imgdir name="stabO1"><imgdir name="0"><canvas name="default" width="40" height="13"><vector name="origin" x="18" y="-4"/><imgdir name="map"><vector name="brow" x="0" y="0"/></imgdir><string name="z" value="accessoryEye"/></canvas></imgdir><imgdir name="1"><canvas name="default" width="40" height="14"><vector name="origin" x="18" y="-4"/><imgdir name="map"><vector name="brow" x="0" y="0"/></imgdir><string name="z" value="accessoryEye"/></canvas></imgdir></imgdir><imgdir name="stabO2"><imgdir name="0"><canvas name="default" width="40" height="13"><vector name="origin" x="18" y="-4"/><imgdir name="map"><vector name="brow" x="0" y="0"/></imgdir><string name="z" value="accessoryEye"/></canvas></imgdir><imgdir name="1"><canvas name="default" width="40" height="14"><vector name="origin" x="18" y="-4"/><imgdir name="map"><vector name="brow" x="0" y="0"/></imgdir><string name="z" value="accessoryEye"/></canvas></imgdir></imgdir><imgdir name="stabOF"><imgdir name="0"><canvas name="default" width="38" height="11"><vector name="origin" x="16" y="-4"/><imgdir name="map"><vector name="brow" x="0" y="0"/></imgdir><string name="z" value="accessoryEye"/></canvas></imgdir><imgdir name="1"><canvas name="default" width="40" height="13"><vector name="origin" x="18" y="-4"/><imgdir name="map"><vector name="brow" x="0" y="0"/></imgdir><string name="z" value="accessoryEye"/></canvas></imgdir><imgdir name="2"><canvas name="default" width="40" height="14"><vector name="origin" x="18" y="-4"/><imgdir name="map"><vector name="brow" x="0" y="0"/></imgdir><string name="z" value="accessoryEye"/></canvas></imgdir></imgdir><imgdir name="stabT1"><imgdir name="0"><canvas name="default" width="38" height="11"><vector name="origin" x="16" y="-4"/><imgdir name="map"><vector name="brow" x="0" y="0"/></imgdir><string name="z" value="accessoryEye"/></canvas></imgdir><imgdir name="1"><canvas name="default" width="40" height="13"><vector name="origin" x="18" y="-4"/><imgdir name="map"><vector name="brow" x="0" y="0"/></imgdir><string name="z" value="accessoryEye"/></canvas></imgdir><imgdir name="2"><canvas name="default" width="40" height="14"><vector name="origin" x="18" y="-4"/><imgdir name="map"><vector name="brow" x="0" y="0"/></imgdir><string name="z" value="accessoryEye"/></canvas></imgdir></imgdir><imgdir name="stabT2"><imgdir name="0"><canvas name="default" width="38" height="11"><vector name="origin" x="16" y="-4"/><imgdir name="map"><vector name="brow" x="0" y="0"/></imgdir><string name="z" value="accessoryEye"/></canvas></imgdir><imgdir name="1"><canvas name="default" width="40" height="13"><vector name="origin" x="18" y="-4"/><imgdir name="map"><vector name="brow" x="0" y="0"/></imgdir><string name="z" value="accessoryEye"/></canvas></imgdir><imgdir name="2"><canvas name="default" width="41" height="14"><vector name="origin" x="19" y="-4"/><imgdir name="map"><vector name="brow" x="0" y="0"/></imgdir><string name="z" value="accessoryEye"/></canvas></imgdir></imgdir><imgdir name="stabTF"><imgdir name="0"><canvas name="default" width="40" height="13"><vector name="origin" x="18" y="-4"/><imgdir name="map"><vector name="brow" x="0" y="0"/></imgdir><string name="z" value="accessoryEye"/></canvas></imgdir><imgdir name="1"><canvas name="default" width="40" height="14"><vector name="origin" x="18" y="-4"/><imgdir name="map"><vector name="brow" x="0" y="0"/></imgdir><string name="z" value="accessoryEye"/></canvas></imgdir><imgdir name="2"><canvas name="default" width="40" height="13"><vector name="origin" x="18" y="-4"/><imgdir name="map"><vector name="brow" x="0" y="0"/></imgdir><string name="z" value="accessoryEye"/></canvas></imgdir><imgdir name="3"><canvas name="default" width="40" height="14"><vector name="origin" x="18" y="-4"/><imgdir name="map"><vector name="brow" x="0" y="0"/></imgdir><string name="z" value="accessoryEye"/></canvas></imgdir></imgdir><imgdir name="shoot1"><imgdir name="0"><canvas name="default" width="40" height="14"><vector name="origin" x="18" y="-4"/><imgdir name="map"><vector name="brow" x="0" y="0"/></imgdir><string name="z" value="accessoryEye"/></canvas></imgdir><imgdir name="1"><canvas name="default" width="40" height="14"><vector name="origin" x="18" y="-4"/><imgdir name="map"><vector name="brow" x="0" y="0"/></imgdir><string name="z" value="accessoryEye"/></canvas></imgdir><imgdir name="2"><canvas name="default" width="40" height="13"><vector name="origin" x="18" y="-4"/><imgdir name="map"><vector name="brow" x="0" y="0"/></imgdir><string name="z" value="accessoryEye"/></canvas></imgdir></imgdir><imgdir name="shoot2"><imgdir name="0"><canvas name="default" width="40" height="14"><vector name="origin" x="18" y="-4"/><imgdir name="map"><vector name="brow" x="0" y="0"/></imgdir><string name="z" value="accessoryEye"/></canvas></imgdir><imgdir name="1"><canvas name="default" width="40" height="14"><vector name="origin" x="18" y="-4"/><imgdir name="map"><vector name="brow" x="0" y="0"/></imgdir><string name="z" value="accessoryEye"/></canvas></imgdir><imgdir name="2"><canvas name="default" width="40" height="14"><vector name="origin" x="18" y="-4"/><imgdir name="map"><vector name="brow" x="0" y="0"/></imgdir><string name="z" value="accessoryEye"/></canvas></imgdir><imgdir name="3"><canvas name="default" width="40" height="14"><vector name="origin" x="18" y="-4"/><imgdir name="map"><vector name="brow" x="0" y="0"/></imgdir><string name="z" value="accessoryEye"/></canvas></imgdir><imgdir name="4"><canvas name="default" width="40" height="14"><vector name="origin" x="18" y="-4"/><imgdir name="map"><vector name="brow" x="0" y="0"/></imgdir><string name="z" value="accessoryEye"/></canvas></imgdir></imgdir><imgdir name="shootF"><imgdir name="0"><canvas name="default" width="40" height="14"><vector name="origin" x="18" y="-4"/><imgdir name="map"><vector name="brow" x="0" y="0"/></imgdir><string name="z" value="accessoryEye"/></canvas></imgdir><imgdir name="1"><canvas name="default" width="40" height="14"><vector name="origin" x="18" y="-4"/><imgdir name="map"><vector name="brow" x="0" y="0"/></imgdir><string name="z" value="accessoryEye"/></canvas></imgdir><imgdir name="2"><uol name="default" value="../1/default"/></imgdir></imgdir><imgdir name="proneStab"><imgdir name="0"><canvas name="default" width="40" height="13"><vector name="origin" x="18" y="-4"/><imgdir name="map"><vector name="brow" x="0" y="0"/></imgdir><string name="z" value="accessoryEye"/></canvas></imgdir><imgdir name="1"><canvas name="default" width="40" height="13"><vector name="origin" x="18" y="-4"/><imgdir name="map"><vector name="brow" x="0" y="0"/></imgdir><string name="z" value="accessoryEye"/></canvas></imgdir></imgdir><imgdir name="prone"><imgdir name="0"><uol name="default" value="../../proneStab/1/default"/></imgdir></imgdir><imgdir name="heal"><imgdir name="0"><uol name="default" value="../../default/default"/></imgdir><imgdir name="1"><uol name="default" value="../../swingO2/1/default"/></imgdir><imgdir name="2"><uol name="default" value="../../swingO2/1/default"/></imgdir></imgdir><imgdir name="fly"><imgdir name="0"><canvas name="default" width="38" height="11"><vector name="origin" x="16" y="-4"/><imgdir name="map"><vector name="brow" x="0" y="0"/></imgdir><string name="z" value="accessoryEye"/></canvas></imgdir><imgdir name="1"><canvas name="default" width="38" height="11"><vector name="origin" x="16" y="-4"/><imgdir name="map"><vector name="brow" x="0" y="0"/></imgdir><string name="z" value="accessoryEye"/></canvas></imgdir></imgdir><imgdir name="jump"><imgdir name="0"><canvas name="default" width="40" height="14"><vector name="origin" x="18" y="-4"/><imgdir name="map"><vector name="brow" x="0" y="0"/></imgdir><string name="z" value="accessoryEye"/></canvas></imgdir></imgdir><imgdir name="sit"><imgdir name="0"><canvas name="default" width="38" height="11"><vector name="origin" x="16" y="-4"/><imgdir name="map"><vector name="brow" x="0" y="0"/></imgdir><string name="z" value="accessoryEye"/></canvas></imgdir></imgdir></imgdir>