<?xml version="1.0" encoding="UTF-8" standalone="yes"?><imgdir name="01122013.img"><imgdir name="info"><canvas name="icon" width="32" height="30"><vector name="origin" x="-1" y="30"/></canvas><canvas name="iconRaw" width="32" height="30"><vector name="origin" x="-1" y="30"/></canvas><string name="islot" value="Pe"/><string name="vslot" value="Pe"/><int name="reqJob" value="0"/><int name="reqLevel" value="50"/><int name="reqSTR" value="0"/><int name="reqDEX" value="0"/><int name="reqINT" value="0"/><int name="reqLUK" value="0"/><int name="tuc" value="0"/><int name="price" value="1"/><int name="cash" value="0"/><int name="tradeBlock" value="1"/></imgdir></imgdir>