<?xml version="1.0" encoding="UTF-8" standalone="yes"?><imgdir name="01122028.img"><imgdir name="info"><canvas name="icon" width="31" height="30"><vector name="origin" x="0" y="30"/></canvas><canvas name="iconRaw" width="31" height="28"><vector name="origin" x="0" y="30"/></canvas><string name="islot" value="Pe"/><string name="vslot" value="Pe"/><int name="reqJob" value="16"/><int name="reqLevel" value="11"/><int name="reqSTR" value="0"/><int name="reqDEX" value="0"/><int name="reqINT" value="0"/><int name="reqLUK" value="0"/><int name="incSTR" value="0"/><int name="incDEX" value="0"/><int name="incINT" value="0"/><int name="incLUK" value="0"/><int name="incPAD" value="10"/><int name="incPDD" value="10"/><int name="incMAD" value="5"/><int name="incMDD" value="0"/><int name="incSpeed" value="1"/><int name="incEVA" value="0"/><int name="tuc" value="3"/><int name="price" value="25000"/><int name="cash" value="0"/><int name="timeLimited" value="1"/></imgdir></imgdir>