<?xml version="1.0" encoding="UTF-8" standalone="yes"?><imgdir name="01122019.img"><imgdir name="info"><canvas name="icon" width="29" height="30"><vector name="origin" x="0" y="30"/></canvas><canvas name="iconRaw" width="29" height="30"><vector name="origin" x="0" y="30"/></canvas><string name="islot" value="Pe"/><string name="vslot" value="Pe"/><int name="reqJob" value="0"/><int name="reqLevel" value="10"/><int name="reqSTR" value="0"/><int name="reqDEX" value="0"/><int name="reqINT" value="0"/><int name="reqLUK" value="0"/><int name="incSTR" value="0"/><int name="incDEX" value="0"/><int name="incINT" value="0"/><int name="incLUK" value="0"/><int name="incPAD" value="3"/><int name="incPDD" value="3"/><int name="incMAD" value="3"/><int name="incMDD" value="3"/><int name="incEVA" value="0"/><int name="tuc" value="3"/><int name="price" value="15000"/><int name="timeLimited" value="1"/><int name="cash" value="0"/></imgdir></imgdir>