<?xml version="1.0" encoding="UTF-8" standalone="yes"?><imgdir name="01122006.img"><imgdir name="info"><canvas name="icon" width="30" height="24"><vector name="origin" x="-1" y="24"/></canvas><canvas name="iconRaw" width="30" height="19"><vector name="origin" x="-1" y="24"/></canvas><string name="islot" value="Pe"/><string name="vslot" value="Pe"/><int name="reqJob" value="0"/><int name="reqLevel" value="50"/><int name="reqSTR" value="0"/><int name="reqDEX" value="0"/><int name="reqINT" value="0"/><int name="reqLUK" value="0"/><int name="incPDD" value="5"/><int name="incMDD" value="9"/><int name="tuc" value="7"/><int name="price" value="6000"/><int name="cash" value="0"/></imgdir></imgdir>