<?xml version="1.0" encoding="UTF-8" standalone="yes"?><imgdir name="01132011.img"><imgdir name="info"><canvas name="icon" width="30" height="28"><vector name="origin" x="-1" y="28"/></canvas><canvas name="iconRaw" width="30" height="27"><vector name="origin" x="-1" y="28"/></canvas><string name="islot" value="Be"/><string name="vslot" value="Be"/><int name="reqJob" value="0"/><int name="reqLevel" value="0"/><int name="reqSTR" value="0"/><int name="reqDEX" value="0"/><int name="reqINT" value="0"/><int name="reqLUK" value="0"/><int name="incPDD" value="8"/><int name="incMDD" value="8"/><int name="tuc" value="2"/><int name="price" value="0"/><int name="cash" value="0"/><int name="tradeBlock" value="1"/><int name="timeLimited" value="1"/><int name="slotMax" value="1"/></imgdir></imgdir>