<?xml version="1.0" encoding="UTF-8" standalone="yes"?><imgdir name="01132005.img"><imgdir name="info"><canvas name="icon" width="31" height="30"><vector name="origin" x="-1" y="30"/></canvas><canvas name="iconRaw" width="31" height="30"><vector name="origin" x="-1" y="30"/></canvas><string name="islot" value="Be"/><string name="vslot" value="Be"/><int name="reqJob" value="0"/><int name="reqLevel" value="0"/><int name="reqSTR" value="0"/><int name="reqDEX" value="0"/><int name="reqINT" value="0"/><int name="reqLUK" value="0"/><int name="incSTR" value="0"/><int name="incDEX" value="0"/><int name="incINT" value="0"/><int name="incLUK" value="0"/><int name="incPDD" value="5"/><int name="incMDD" value="5"/><int name="tuc" value="0"/><int name="price" value="0"/><int name="cash" value="0"/><int name="tradeBlock" value="1"/><int name="timeLimited" value="1"/><int name="slotMax" value="1"/></imgdir></imgdir>