<?xml version="1.0" encoding="UTF-8" standalone="yes"?><imgdir name="01142122.img"><imgdir name="info"><canvas name="icon" width="26" height="32"><vector name="origin" x="-4" y="32"/></canvas><canvas name="iconRaw" width="26" height="31"><vector name="origin" x="-4" y="32"/></canvas><string name="islot" value="Me"/><string name="vslot" value="Me"/><int name="reqJob" value="0"/><int name="reqLevel" value="10"/><int name="reqSTR" value="0"/><int name="reqDEX" value="0"/><int name="reqINT" value="0"/><int name="reqLUK" value="0"/><int name="incMHP" value="80"/><int name="incMMP" value="80"/><int name="incACC" value="10"/><int name="incEVA" value="10"/><int name="incJump" value="5"/><int name="incSpeed" value="5"/><int name="incCraft" value="5"/><int name="tuc" value="0"/><int name="price" value="0"/><int name="tradeBlock" value="1"/><int name="notSale" value="1"/><int name="only" value="1"/><int name="cash" value="0"/><int name="medalTag" value="74"/></imgdir></imgdir>