<?xml version="1.0" encoding="UTF-8" standalone="yes"?><imgdir name="01142189.img"><imgdir name="info"><canvas name="icon" width="33" height="33"><vector name="origin" x="0" y="31"/></canvas><canvas name="iconRaw" width="33" height="33"><vector name="origin" x="0" y="31"/></canvas><string name="islot" value="Me"/><string name="vslot" value="Me"/><int name="reqJob" value="0"/><int name="reqLevel" value="0"/><int name="reqSTR" value="0"/><int name="reqDEX" value="0"/><int name="reqINT" value="0"/><int name="reqLUK" value="0"/><int name="incSTR" value="8"/><int name="incDEX" value="8"/><int name="incINT" value="8"/><int name="incLUK" value="8"/><int name="incPDD" value="8"/><int name="incMDD" value="8"/><int name="speed" value="0"/><int name="tuc" value="0"/><int name="price" value="1"/><int name="tradeBlock" value="1"/><int name="only" value="1"/><int name="cash" value="0"/><int name="medalTag" value="116"/><int name="timeLimited" value="1"/><int name="slotMax" value="1"/><int name="dropBlock" value="1"/></imgdir></imgdir>