<?xml version="1.0" encoding="UTF-8" standalone="yes"?><imgdir name="01142032.img"><imgdir name="info"><canvas name="icon" width="26" height="33"><vector name="origin" x="-4" y="32"/></canvas><canvas name="iconRaw" width="26" height="33"><vector name="origin" x="-4" y="32"/></canvas><string name="islot" value="Me"/><string name="vslot" value="Me"/><int name="reqJob" value="0"/><int name="reqLevel" value="0"/><int name="reqSTR" value="0"/><int name="reqDEX" value="0"/><int name="reqINT" value="0"/><int name="reqLUK" value="0"/><int name="incSTR" value="4"/><int name="incDEX" value="4"/><int name="incINT" value="4"/><int name="incLUK" value="4"/><int name="incSpeed" value="10"/><int name="incJump" value="5"/><int name="incCraft" value="2"/><int name="slotMax" value="1"/><int name="timeLimited" value="1"/><int name="tuc" value="0"/><int name="price" value="0"/><int name="tradeBlock" value="1"/><int name="notSale" value="1"/><int name="only" value="1"/><int name="cash" value="0"/><int name="medalTag" value="11"/></imgdir></imgdir>