<?xml version="1.0" encoding="UTF-8" standalone="yes"?><imgdir name="01142112.img"><imgdir name="info"><canvas name="icon" width="19" height="28"><vector name="origin" x="-6" y="30"/></canvas><canvas name="iconRaw" width="26" height="30"><vector name="origin" x="-3" y="30"/></canvas><string name="islot" value="Me"/><string name="vslot" value="Me"/><int name="reqJob" value="0"/><int name="reqLevel" value="50"/><int name="reqSTR" value="0"/><int name="reqDEX" value="0"/><int name="reqINT" value="0"/><int name="reqLUK" value="0"/><int name="incMHP" value="125"/><int name="incMMP" value="125"/><int name="tuc" value="0"/><int name="price" value="0"/><int name="tradeBlock" value="1"/><int name="notSale" value="1"/><int name="only" value="1"/><int name="cash" value="0"/><int name="medalTag" value="45"/></imgdir></imgdir>