<?xml version="1.0" encoding="UTF-8" standalone="yes"?><imgdir name="01142151.img"><imgdir name="info"><canvas name="icon" width="27" height="32"><vector name="origin" x="-3" y="32"/></canvas><canvas name="iconRaw" width="27" height="32"><vector name="origin" x="-3" y="32"/></canvas><string name="islot" value="Me"/><string name="vslot" value="Me"/><int name="reqJob" value="0"/><int name="reqLevel" value="50"/><int name="reqSTR" value="0"/><int name="reqDEX" value="0"/><int name="reqINT" value="0"/><int name="reqLUK" value="0"/><int name="incSTR" value="1"/><int name="incDEX" value="1"/><int name="incINT" value="1"/><int name="incLUK" value="1"/><int name="incPAD" value="1"/><int name="incMAD" value="1"/><int name="incMMP" value="120"/><int name="incMHP" value="120"/><int name="incACC" value="1"/><int name="incEVA" value="1"/><int name="incJump" value="1"/><int name="incSpeed" value="1"/><int name="incCraft" value="1"/><int name="tuc" value="0"/><int name="price" value="0"/><int name="tradeBlock" value="1"/><int name="notSale" value="1"/><int name="only" value="1"/><int name="cash" value="0"/><int name="medalTag" value="75"/></imgdir></imgdir>