<?xml version="1.0" encoding="UTF-8" standalone="yes"?><imgdir name="01142173.img"><imgdir name="info"><canvas name="icon" width="26" height="33"><vector name="origin" x="0" y="33"/></canvas><canvas name="iconRaw" width="25" height="34"><vector name="origin" x="0" y="34"/></canvas><string name="islot" value="Me"/><string name="vslot" value="Me"/><int name="reqJob" value="0"/><int name="reqLevel" value="0"/><int name="reqSTR" value="0"/><int name="reqDEX" value="0"/><int name="reqINT" value="0"/><int name="reqLUK" value="0"/><int name="incSTR" value="5"/><int name="incDEX" value="5"/><int name="incINT" value="5"/><int name="incLUK" value="5"/><int name="incPDD" value="0"/><int name="incMDD" value="0"/><int name="incSpeed" value="7"/><int name="tuc" value="0"/><int name="price" value="1"/><int name="tradeBlock" value="1"/><int name="only" value="1"/><int name="cash" value="0"/><int name="medalTag" value="100"/><int name="timeLimited" value="1"/><int name="slotMax" value="1"/><int name="dropBlock" value="1"/><int name="incJump" value="3"/></imgdir></imgdir>