<?xml version="1.0" encoding="UTF-8" standalone="yes"?><imgdir name="01142133.img"><imgdir name="info"><canvas name="icon" width="29" height="33"><vector name="origin" x="-3" y="32"/></canvas><canvas name="iconRaw" width="29" height="33"><vector name="origin" x="-3" y="32"/></canvas><string name="islot" value="Me"/><string name="vslot" value="Me"/><int name="reqJob" value="0"/><int name="reqLevel" value="200"/><int name="reqSTR" value="0"/><int name="reqDEX" value="0"/><int name="reqINT" value="0"/><int name="reqLUK" value="0"/><int name="incMHP" value="50"/><int name="incPAD" value="3"/><int name="incACC" value="5"/><int name="tuc" value="0"/><int name="price" value="0"/><int name="tradeBlock" value="1"/><int name="notSale" value="1"/><int name="only" value="1"/><int name="cash" value="0"/><int name="medalTag" value="63"/></imgdir></imgdir>