<?xml version="1.0" encoding="UTF-8" standalone="yes"?><imgdir name="01142138.img"><imgdir name="info"><canvas name="icon" width="26" height="33"><vector name="origin" x="-4" y="33"/></canvas><canvas name="iconRaw" width="24" height="33"><vector name="origin" x="-4" y="33"/></canvas><string name="islot" value="Me"/><string name="vslot" value="Me"/><int name="reqJob" value="0"/><int name="reqLevel" value="62"/><int name="reqSTR" value="0"/><int name="reqDEX" value="0"/><int name="reqINT" value="0"/><int name="reqLUK" value="0"/><int name="incMMP" value="55"/><int name="incPDD" value="15"/><int name="incMDD" value="15"/><int name="incSTR" value="1"/><int name="incDEX" value="1"/><int name="incINT" value="1"/><int name="incLUK" value="1"/><int name="tuc" value="0"/><int name="price" value="0"/><int name="tradeBlock" value="1"/><int name="notSale" value="1"/><int name="only" value="1"/><int name="cash" value="0"/><int name="medalTag" value="68"/></imgdir></imgdir>