<?xml version="1.0" encoding="UTF-8" standalone="yes"?><imgdir name="01142136.img"><imgdir name="info"><canvas name="icon" width="31" height="32"><vector name="origin" x="-1" y="32"/></canvas><canvas name="iconRaw" width="31" height="32"><vector name="origin" x="-1" y="32"/></canvas><string name="islot" value="Me"/><string name="vslot" value="Me"/><int name="reqJob" value="0"/><int name="reqLevel" value="10"/><int name="reqSTR" value="0"/><int name="reqDEX" value="0"/><int name="reqINT" value="0"/><int name="reqLUK" value="0"/><int name="incMHP" value="50"/><int name="incACC" value="5"/><int name="incSTR" value="3"/><int name="incDEX" value="3"/><int name="incINT" value="3"/><int name="incLUK" value="3"/><int name="tuc" value="0"/><int name="price" value="0"/><int name="tradeBlock" value="1"/><int name="notSale" value="1"/><int name="only" value="1"/><int name="cash" value="0"/><int name="medalTag" value="66"/></imgdir></imgdir>