<?xml version="1.0" encoding="UTF-8" standalone="yes"?><imgdir name="00002002.img"><imgdir name="info"><string name="islot" value="Bd"/><string name="vslot" value="Bd"/><int name="cash" value="0"/></imgdir><imgdir name="walk1"><imgdir name="0"><canvas name="body" width="27" height="32"><vector name="origin" x="19" y="32"/><imgdir name="map"><vector name="neck" x="-4" y="-32"/><vector name="navel" x="-6" y="-20"/></imgdir><string name="z" value="body"/><string name="group" value="skin"/></canvas><canvas name="arm" width="12" height="17"><vector name="origin" x="6" y="8"/><imgdir name="map"><vector name="navel" x="-12" y="2"/><vector name="hand" x="1" y="5"/></imgdir><string name="z" value="arm"/><string name="group" value="skin"/></canvas><short name="face" value="1"/><int name="delay" value="180"/></imgdir><imgdir name="1"><canvas name="body" width="26" height="32"><vector name="origin" x="16" y="32"/><imgdir name="map"><vector name="neck" x="-4" y="-31"/><vector name="navel" x="-6" y="-20"/></imgdir><string name="z" value="body"/><string name="group" value="skin"/></canvas><canvas name="arm" width="13" height="17"><vector name="origin" x="6" y="9"/><imgdir name="map"><vector name="navel" x="-6" y="-1"/><vector name="hand" x="-2" y="5"/></imgdir><string name="z" value="arm"/><string name="group" value="skin"/></canvas><short name="face" value="1"/><int name="delay" value="180"/></imgdir><imgdir name="2"><canvas name="body" width="24" height="32"><vector name="origin" x="19" y="32"/><imgdir name="map"><vector name="neck" x="-4" y="-32"/><vector name="navel" x="-6" y="-20"/></imgdir><string name="z" value="body"/><string name="group" value="skin"/></canvas><canvas name="arm" width="12" height="17"><vector name="origin" x="6" y="8"/><imgdir name="map"><vector name="navel" x="-12" y="2"/><vector name="hand" x="1" y="6"/></imgdir><string name="z" value="arm"/><string name="group" value="skin"/></canvas><short name="face" value="1"/><int name="delay" value="180"/></imgdir><imgdir name="3"><canvas name="body" width="29" height="31"><vector name="origin" x="21" y="31"/><imgdir name="map"><vector name="neck" x="-4" y="-31"/><vector name="navel" x="-6" y="-18"/></imgdir><string name="z" value="body"/><string name="group" value="skin"/></canvas><canvas name="arm" width="14" height="15"><vector name="origin" x="7" y="7"/><imgdir name="map"><vector name="navel" x="-13" y="4"/><vector name="hand" x="3" y="5"/></imgdir><string name="z" value="arm"/><string name="group" value="skin"/></canvas><short name="face" value="1"/><int name="delay" value="180"/></imgdir></imgdir><imgdir name="walk2"><imgdir name="0"><canvas name="body" width="21" height="31"><vector name="origin" x="13" y="31"/><imgdir name="map"><vector name="neck" x="-4" y="-32"/><vector name="navel" x="-6" y="-20"/></imgdir><string name="z" value="body"/><string name="group" value="skin"/></canvas><canvas name="arm" width="13" height="13"><vector name="origin" x="6" y="6"/><imgdir name="map"><vector name="navel" x="-6" y="3"/><vector name="hand" x="-2" y="2"/></imgdir><string name="z" value="arm"/><string name="group" value="skin"/></canvas><canvas name="hand" width="19" height="16"><vector name="origin" x="4" y="4"/><imgdir name="map"><vector name="navel" x="6" y="2"/></imgdir><string name="z" value="handOverHair"/><string name="group" value="skin"/></canvas><short name="face" value="1"/><int name="delay" value="180"/></imgdir><imgdir name="1"><canvas name="body" width="26" height="30"><vector name="origin" x="16" y="30"/><imgdir name="map"><vector name="neck" x="-4" y="-31"/><vector name="navel" x="-6" y="-20"/></imgdir><string name="z" value="body"/><string name="group" value="skin"/></canvas><canvas name="arm" width="13" height="13"><vector name="origin" x="6" y="6"/><imgdir name="map"><vector name="navel" x="-5" y="2"/><vector name="hand" x="-2" y="2"/></imgdir><string name="z" value="arm"/><string name="group" value="skin"/></canvas><canvas name="hand" width="19" height="16"><vector name="origin" x="4" y="4"/><imgdir name="map"><vector name="navel" x="7" y="1"/></imgdir><string name="z" value="handOverHair"/><string name="group" value="skin"/></canvas><short name="face" value="1"/><int name="delay" value="180"/></imgdir><imgdir name="2"><canvas name="body" width="18" height="32"><vector name="origin" x="13" y="32"/><imgdir name="map"><vector name="neck" x="-4" y="-32"/><vector name="navel" x="-6" y="-20"/></imgdir><string name="z" value="body"/><string name="group" value="skin"/></canvas><canvas name="arm" width="13" height="13"><vector name="origin" x="6" y="6"/><imgdir name="map"><vector name="navel" x="-6" y="3"/><vector name="hand" x="-2" y="2"/></imgdir><string name="z" value="arm"/><string name="group" value="skin"/></canvas><canvas name="hand" width="19" height="16"><vector name="origin" x="4" y="4"/><imgdir name="map"><vector name="navel" x="6" y="2"/></imgdir><string name="z" value="handOverHair"/><string name="group" value="skin"/></canvas><short name="face" value="1"/><int name="delay" value="180"/></imgdir><imgdir name="3"><canvas name="body" width="23" height="30"><vector name="origin" x="15" y="30"/><imgdir name="map"><vector name="neck" x="-4" y="-31"/><vector name="navel" x="-6" y="-18"/></imgdir><string name="z" value="body"/><string name="group" value="skin"/></canvas><canvas name="arm" width="13" height="13"><vector name="origin" x="5" y="6"/><imgdir name="map"><vector name="navel" x="-6" y="4"/><vector name="hand" x="-1" y="4"/></imgdir><string name="z" value="arm"/><string name="group" value="skin"/></canvas><canvas name="hand" width="19" height="15"><vector name="origin" x="4" y="4"/><imgdir name="map"><vector name="navel" x="5" y="3"/></imgdir><string name="z" value="handOverHair"/><string name="group" value="skin"/></canvas><short name="face" value="1"/><int name="delay" value="180"/></imgdir></imgdir><imgdir name="stand1"><imgdir name="0"><canvas name="body" width="21" height="31"><vector name="origin" x="16" y="31"/><imgdir name="map"><vector name="neck" x="-4" y="-32"/><vector name="navel" x="-8" y="-21"/></imgdir><string name="z" value="body"/><string name="group" value="skin"/></canvas><canvas name="arm" width="10" height="19"><vector name="origin" x="5" y="9"/><imgdir name="map"><vector name="navel" x="-13" y="-1"/><vector name="hand" x="-1" y="5"/></imgdir><string name="z" value="arm"/><string name="group" value="skin"/></canvas><short name="face" value="1"/><int name="delay" value="500"/></imgdir><imgdir name="1"><canvas name="body" width="22" height="31"><vector name="origin" x="17" y="31"/><imgdir name="map"><vector name="neck" x="-4" y="-32"/><vector name="navel" x="-7" y="-20"/></imgdir><string name="z" value="body"/><string name="group" value="skin"/></canvas><canvas name="arm" width="10" height="19"><vector name="origin" x="5" y="9"/><imgdir name="map"><vector name="navel" x="-13" y="0"/><vector name="hand" x="-1" y="5"/></imgdir><string name="z" value="arm"/><string name="group" value="skin"/></canvas><short name="face" value="1"/><int name="delay" value="500"/></imgdir><imgdir name="2"><canvas name="body" width="23" height="31"><vector name="origin" x="18" y="31"/><imgdir name="map"><vector name="neck" x="-4" y="-32"/><vector name="navel" x="-6" y="-21"/></imgdir><string name="z" value="body"/><string name="group" value="skin"/></canvas><canvas name="arm" width="11" height="19"><vector name="origin" x="6" y="9"/><imgdir name="map"><vector name="navel" x="-13" y="-1"/><vector name="hand" x="-1" y="5"/></imgdir><string name="z" value="arm"/><string name="group" value="skin"/></canvas><short name="face" value="1"/><int name="delay" value="500"/></imgdir></imgdir><imgdir name="stand2"><imgdir name="0"><canvas name="body" width="20" height="31"><vector name="origin" x="15" y="31"/><imgdir name="map"><vector name="neck" x="-4" y="-32"/><vector name="navel" x="-8" y="-21"/></imgdir><string name="z" value="body"/><string name="group" value="skin"/></canvas><canvas name="arm" width="9" height="13"><vector name="origin" x="7" y="7"/><imgdir name="map"><vector name="navel" x="-11" y="1"/><vector name="hand" x="-6" y="1"/></imgdir><string name="z" value="arm"/><string name="group" value="skin"/></canvas><canvas name="hand" width="19" height="16"><vector name="origin" x="4" y="12"/><imgdir name="map"><vector name="navel" x="6" y="-7"/></imgdir><string name="z" value="handOverHair"/><string name="group" value="skin"/></canvas><short name="face" value="1"/><int name="delay" value="500"/></imgdir><imgdir name="1"><canvas name="body" width="20" height="31"><vector name="origin" x="15" y="31"/><imgdir name="map"><vector name="neck" x="-4" y="-32"/><vector name="navel" x="-7" y="-20"/></imgdir><string name="z" value="body"/><string name="group" value="skin"/></canvas><canvas name="arm" width="9" height="13"><vector name="origin" x="7" y="7"/><imgdir name="map"><vector name="navel" x="-11" y="2"/><vector name="hand" x="-6" y="1"/></imgdir><string name="z" value="arm"/><string name="group" value="skin"/></canvas><canvas name="hand" width="19" height="16"><vector name="origin" x="4" y="4"/><imgdir name="map"><vector name="navel" x="6" y="2"/></imgdir><string name="z" value="handOverHair"/><string name="group" value="skin"/></canvas><short name="face" value="1"/><int name="delay" value="500"/></imgdir><imgdir name="2"><canvas name="body" width="20" height="31"><vector name="origin" x="15" y="31"/><imgdir name="map"><vector name="neck" x="-4" y="-32"/><vector name="navel" x="-6" y="-21"/></imgdir><string name="z" value="body"/><string name="group" value="skin"/></canvas><canvas name="arm" width="9" height="13"><vector name="origin" x="6" y="7"/><imgdir name="map"><vector name="navel" x="-10" y="1"/><vector name="hand" x="-5" y="1"/></imgdir><string name="z" value="arm"/><string name="group" value="skin"/></canvas><canvas name="hand" width="19" height="16"><vector name="origin" x="4" y="4"/><imgdir name="map"><vector name="navel" x="6" y="1"/></imgdir><string name="z" value="handOverHair"/><string name="group" value="skin"/></canvas><short name="face" value="1"/><int name="delay" value="500"/></imgdir></imgdir><imgdir name="alert"><imgdir name="0"><canvas name="body" width="24" height="29"><vector name="origin" x="16" y="29"/><imgdir name="map"><vector name="neck" x="-4" y="-29"/><vector name="navel" x="-3" y="-18"/></imgdir><string name="z" value="body"/><string name="group" value="skin"/></canvas><canvas name="arm" width="8" height="14"><vector name="origin" x="6" y="8"/><imgdir name="map"><vector name="navel" x="-11" y="1"/><vector name="hand" x="-5" y="5"/></imgdir><string name="z" value="armOverHair"/><string name="group" value="skin"/></canvas><canvas name="lHand" width="8" height="9"><vector name="origin" x="15" y="24"/><imgdir name="map"><vector name="handMove" x="-11" y="-20"/></imgdir><string name="z" value="handBelowWeapon"/><string name="group" value="skin"/></canvas><canvas name="rHand" width="8" height="9"><vector name="origin" x="4" y="4"/><imgdir name="map"><vector name="navel" x="-4" y="-2"/></imgdir><string name="z" value="handOverHair"/><string name="group" value="skin"/></canvas><short name="face" value="1"/><int name="delay" value="500"/></imgdir><imgdir name="1"><canvas name="body" width="24" height="30"><vector name="origin" x="16" y="30"/><imgdir name="map"><vector name="neck" x="-4" y="-30"/><vector name="navel" x="-3" y="-19"/></imgdir><string name="z" value="body"/><string name="group" value="skin"/></canvas><canvas name="arm" width="8" height="15"><vector name="origin" x="7" y="8"/><imgdir name="map"><vector name="navel" x="-11" y="1"/><vector name="hand" x="-6" y="6"/></imgdir><string name="z" value="armOverHair"/><string name="group" value="skin"/></canvas><canvas name="lHand" width="8" height="9"><vector name="origin" x="15" y="23"/><imgdir name="map"><vector name="handMove" x="-13" y="-19"/></imgdir><string name="z" value="handBelowWeapon"/><string name="group" value="skin"/></canvas><canvas name="rHand" width="8" height="9"><vector name="origin" x="4" y="4"/><imgdir name="map"><vector name="navel" x="-4" y="-4"/></imgdir><string name="z" value="handOverHair"/><string name="group" value="skin"/></canvas><short name="face" value="1"/><int name="delay" value="500"/></imgdir><imgdir name="2"><canvas name="body" width="24" height="31"><vector name="origin" x="16" y="31"/><imgdir name="map"><vector name="neck" x="-4" y="-31"/><vector name="navel" x="-3" y="-20"/></imgdir><string name="z" value="body"/><string name="group" value="skin"/></canvas><canvas name="arm" width="7" height="16"><vector name="origin" x="6" y="10"/><imgdir name="map"><vector name="navel" x="-11" y="-1"/><vector name="hand" x="-5" y="5"/></imgdir><string name="z" value="armOverHair"/><string name="group" value="skin"/></canvas><canvas name="lHand" width="8" height="9"><vector name="origin" x="15" y="22"/><imgdir name="map"><vector name="handMove" x="-15" y="-17"/></imgdir><string name="z" value="handBelowWeapon"/><string name="group" value="skin"/></canvas><canvas name="rHand" width="8" height="9"><vector name="origin" x="4" y="4"/><imgdir name="map"><vector name="navel" x="-4" y="-6"/></imgdir><string name="z" value="handOverHair"/><string name="group" value="skin"/></canvas><short name="face" value="1"/><int name="delay" value="500"/></imgdir></imgdir><imgdir name="swingO1"><imgdir name="0"><canvas name="body" width="28" height="27"><vector name="origin" x="11" y="27"/><imgdir name="map"><vector name="neck" x="-9" y="-26"/><vector name="navel" x="-1" y="-16"/></imgdir><string name="z" value="body"/><string name="group" value="skin"/></canvas><canvas name="arm" width="8" height="9"><vector name="origin" x="7" y="7"/><imgdir name="map"><vector name="navel" x="5" y="2"/><vector name="hand" x="0" y="2"/></imgdir><string name="z" value="arm"/><string name="group" value="skin"/></canvas><short name="face" value="1"/><int name="delay" value="300"/></imgdir><imgdir name="1"><canvas name="body" width="19" height="31"><vector name="origin" x="11" y="31"/><imgdir name="map"><vector name="neck" x="-10" y="-31"/><vector name="navel" x="-8" y="-20"/></imgdir><string name="z" value="body"/><string name="group" value="skin"/></canvas><canvas name="arm" width="13" height="15"><vector name="origin" x="7" y="7"/><imgdir name="map"><vector name="navel" x="5" y="4"/><vector name="hand" x="-3" y="5"/></imgdir><string name="z" value="armOverHair"/><string name="group" value="skin"/></canvas><short name="face" value="1"/><int name="delay" value="150"/></imgdir><imgdir name="2"><canvas name="body" width="38" height="27"><vector name="origin" x="38" y="27"/><imgdir name="map"><vector name="neck" x="-37" y="-25"/><vector name="navel" x="-29" y="-17"/></imgdir><string name="z" value="body"/><string name="group" value="skin"/></canvas><canvas name="arm" width="22" height="18"><vector name="origin" x="6" y="7"/><imgdir name="map"><vector name="navel" x="-8" y="18"/><vector name="hand" x="11" y="-1"/></imgdir><string name="z" value="armOverHair"/><string name="group" value="skin"/></canvas><short name="face" value="1"/><int name="delay" value="350"/></imgdir></imgdir><imgdir name="swingO2"><imgdir name="0"><canvas name="body" width="24" height="31"><vector name="origin" x="18" y="31"/><imgdir name="map"><vector name="neck" x="-4" y="-32"/><vector name="navel" x="-6" y="-20"/></imgdir><string name="z" value="body"/><string name="group" value="skin"/></canvas><canvas name="arm" width="23" height="14"><vector name="origin" x="11" y="7"/><imgdir name="map"><vector name="navel" x="11" y="12"/><vector name="hand" x="-6" y="-4"/></imgdir><string name="z" value="armBelowHead"/><string name="group" value="skin"/></canvas><short name="face" value="1"/><int name="delay" value="300"/></imgdir><imgdir name="1"><canvas name="body" width="28" height="31"><vector name="origin" x="21" y="31"/><imgdir name="map"><vector name="neck" x="-13" y="-30"/><vector name="navel" x="-8" y="-18"/></imgdir><string name="z" value="body"/><string name="group" value="skin"/></canvas><canvas name="arm" width="24" height="11"><vector name="origin" x="12" y="6"/><imgdir name="map"><vector name="navel" x="13" y="9"/><vector name="hand" x="-8" y="8"/></imgdir><string name="z" value="armBelowHead"/><string name="group" value="skin"/></canvas><short name="face" value="1"/><int name="delay" value="150"/></imgdir><imgdir name="2"><canvas name="body" width="36" height="29"><vector name="origin" x="30" y="29"/><imgdir name="map"><vector name="neck" x="-17" y="-27"/><vector name="navel" x="-11" y="-16"/></imgdir><string name="z" value="body"/><string name="group" value="skin"/></canvas><canvas name="arm" width="19" height="16"><vector name="origin" x="10" y="8"/><imgdir name="map"><vector name="navel" x="-14" y="3"/><vector name="hand" x="5" y="4"/></imgdir><string name="z" value="arm"/><string name="group" value="skin"/></canvas><short name="face" value="1"/><int name="delay" value="350"/></imgdir></imgdir><imgdir name="swingO3"><imgdir name="0"><canvas name="body" width="47" height="27"><vector name="origin" x="36" y="27"/><imgdir name="map"><vector name="neck" x="-11" y="-27"/><vector name="navel" x="-8" y="-16"/></imgdir><string name="z" value="body"/><string name="group" value="skin"/></canvas><canvas name="arm" width="21" height="11"><vector name="origin" x="11" y="7"/><imgdir name="map"><vector name="navel" x="-14" y="10"/><vector name="hand" x="6" y="-3"/></imgdir><string name="z" value="arm"/><string name="group" value="skin"/></canvas><short name="face" value="1"/><int name="delay" value="300"/></imgdir><imgdir name="1"><canvas name="body" width="20" height="30"><vector name="origin" x="28" y="30"/><imgdir name="map"><vector name="neck" x="-31" y="-28"/><vector name="navel" x="-24" y="-17"/></imgdir><string name="z" value="body"/><string name="group" value="skin"/></canvas><canvas name="arm" width="22" height="13"><vector name="origin" x="12" y="6"/><imgdir name="map"><vector name="navel" x="11" y="5"/><vector name="hand" x="-9" y="2"/></imgdir><string name="z" value="armBelowHead"/><string name="group" value="skin"/></canvas><short name="face" value="1"/><int name="delay" value="150"/></imgdir><imgdir name="2"><canvas name="body" width="28" height="27"><vector name="origin" x="36" y="27"/><imgdir name="map"><vector name="neck" x="-34" y="-26"/><vector name="navel" x="-30" y="-16"/></imgdir><string name="z" value="body"/><string name="group" value="skin"/></canvas><canvas name="arm" width="8" height="9"><vector name="origin" x="10" y="8"/><imgdir name="map"><vector name="navel" x="-2" y="1"/><vector name="hand" x="-9" y="0"/></imgdir><string name="z" value="arm"/><string name="group" value="skin"/></canvas><short name="face" value="1"/><int name="delay" value="350"/></imgdir></imgdir><imgdir name="swingOF"><imgdir name="0"><canvas name="body" width="32" height="31"><vector name="origin" x="22" y="31"/><imgdir name="map"><vector name="neck" x="-14" y="-26"/><vector name="navel" x="-7" y="-17"/><vector name="hand" x="12" y="-24"/></imgdir><string name="z" value="body"/><string name="group" value="skin"/></canvas><canvas name="hand" width="9" height="9"><vector name="origin" x="13" y="24"/><imgdir name="map"><vector name="navel" x="-27" y="-12"/></imgdir><string name="z" value="handOverHair"/><string name="group" value="skin"/></canvas><short name="face" value="1"/><int name="delay" value="200"/></imgdir><imgdir name="1"><canvas name="body" width="32" height="41"><vector name="origin" x="26" y="47"/><imgdir name="map"><vector name="neck" x="-9" y="-42"/><vector name="navel" x="-13" y="-31"/><vector name="hand" x="3" y="-35"/></imgdir><string name="z" value="backBody"/><string name="group" value="skin"/></canvas><short name="face" value="0"/><int name="delay" value="100"/></imgdir><imgdir name="2"><canvas name="body" width="29" height="34"><vector name="origin" x="44" y="38"/><imgdir name="map"><vector name="neck" x="-29" y="-38"/><vector name="navel" x="-27" y="-25"/><vector name="hand" x="-41" y="-35"/></imgdir><string name="z" value="body"/><string name="group" value="skin"/></canvas><short name="face" value="1"/><int name="delay" value="100"/></imgdir><imgdir name="3"><canvas name="body" width="39" height="32"><vector name="origin" x="55" y="32"/><imgdir name="map"><vector name="neck" x="-52" y="-21"/><vector name="navel" x="-39" y="-12"/><vector name="hand" x="-19" y="-28"/></imgdir><string name="z" value="body"/><string name="group" value="skin"/></canvas><canvas name="arm" width="12" height="20"><vector name="origin" x="11" y="7"/><imgdir name="map"><vector name="navel" x="8" y="-1"/><vector name="hand" x="28" y="-14"/></imgdir><string name="z" value="armBelowHeadOverMailChest"/><string name="group" value="skin"/></canvas><short name="face" value="1"/><int name="delay" value="300"/></imgdir></imgdir><imgdir name="swingT1"><imgdir name="0"><canvas name="body" width="22" height="31"><vector name="origin" x="19" y="31"/><imgdir name="map"><vector name="neck" x="-4" y="-32"/><vector name="navel" x="-8" y="-21"/></imgdir><string name="z" value="body"/><string name="group" value="skin"/></canvas><canvas name="arm" width="16" height="20"><vector name="origin" x="5" y="9"/><imgdir name="map"><vector name="navel" x="-3" y="18"/><vector name="hand" x="6" y="-5"/></imgdir><string name="z" value="armOverHairBelowWeapon"/><string name="group" value="skin"/></canvas><canvas name="armOverHair" width="18" height="24"><vector name="origin" x="9" y="13"/><imgdir name="map"><vector name="navel" x="-15" y="17"/></imgdir><string name="z" value="armOverHair"/><string name="group" value="skin"/></canvas><short name="face" value="1"/><int name="delay" value="300"/></imgdir><imgdir name="1"><canvas name="body" width="28" height="31"><vector name="origin" x="25" y="31"/><imgdir name="map"><vector name="neck" x="-19" y="-30"/><vector name="navel" x="-13" y="-18"/></imgdir><string name="z" value="body"/><string name="group" value="skin"/></canvas><canvas name="arm" width="18" height="15"><vector name="origin" x="10" y="10"/><imgdir name="map"><vector name="navel" x="13" y="6"/><vector name="hand" x="-6" y="-6"/></imgdir><string name="z" value="armOverHairBelowWeapon"/><string name="group" value="skin"/></canvas><canvas name="armOverHair" width="20" height="19"><vector name="origin" x="9" y="13"/><imgdir name="map"><vector name="navel" x="10" y="12"/></imgdir><string name="z" value="armOverHair"/><string name="group" value="skin"/></canvas><short name="face" value="1"/><int name="delay" value="150"/></imgdir><imgdir name="2"><canvas name="body" width="39" height="28"><vector name="origin" x="35" y="28"/><imgdir name="map"><vector name="neck" x="-33" y="-25"/><vector name="navel" x="-23" y="-17"/></imgdir><string name="z" value="body"/><string name="group" value="skin"/></canvas><canvas name="arm" width="17" height="22"><vector name="origin" x="10" y="8"/><imgdir name="map"><vector name="navel" x="10" y="-2"/><vector name="hand" x="-6" y="10"/></imgdir><string name="z" value="arm"/><string name="group" value="skin"/></canvas><short name="face" value="1"/><int name="delay" value="350"/></imgdir></imgdir><imgdir name="swingT2"><imgdir name="0"><canvas name="body" width="30" height="37"><vector name="origin" x="23" y="37"/><imgdir name="map"><vector name="neck" x="-4" y="-30"/><vector name="navel" x="-8" y="-18"/><vector name="hand" x="-9" y="-32"/></imgdir><string name="z" value="body"/><string name="group" value="skin"/></canvas><short name="face" value="1"/><int name="delay" value="300"/></imgdir><imgdir name="1"><canvas name="body" width="38" height="31"><vector name="origin" x="33" y="31"/><imgdir name="map"><vector name="neck" x="-13" y="-30"/><vector name="navel" x="-12" y="-18"/></imgdir><string name="z" value="body"/><string name="group" value="skin"/></canvas><canvas name="arm" width="24" height="9"><vector name="origin" x="10" y="10"/><imgdir name="map"><vector name="navel" x="9" y="-1"/><vector name="hand" x="-6" y="-6"/></imgdir><string name="z" value="arm"/><string name="group" value="skin"/></canvas><short name="face" value="1"/><int name="delay" value="150"/></imgdir><imgdir name="2"><canvas name="body" width="37" height="28"><vector name="origin" x="32" y="28"/><imgdir name="map"><vector name="neck" x="-33" y="-24"/><vector name="navel" x="-21" y="-16"/></imgdir><string name="z" value="body"/><string name="group" value="skin"/></canvas><canvas name="arm" width="25" height="23"><vector name="origin" x="10" y="8"/><imgdir name="map"><vector name="navel" x="-1" y="4"/><vector name="hand" x="4" y="10"/></imgdir><string name="z" value="armBelowHeadOverMailChest"/><string name="group" value="skin"/></canvas><short name="face" value="1"/><int name="delay" value="350"/></imgdir></imgdir><imgdir name="swingT3"><imgdir name="0"><canvas name="body" width="30" height="31"><vector name="origin" x="14" y="31"/><imgdir name="map"><vector name="neck" x="-4" y="-30"/><vector name="navel" x="-1" y="-18"/></imgdir><string name="z" value="body"/><string name="group" value="skin"/></canvas><canvas name="arm" width="18" height="15"><vector name="origin" x="10" y="8"/><imgdir name="map"><vector name="navel" x="-5" y="0"/><vector name="hand" x="3" y="3"/></imgdir><string name="z" value="arm"/><string name="group" value="skin"/></canvas><short name="face" value="1"/><int name="delay" value="300"/></imgdir><imgdir name="1"><canvas name="body" width="28" height="25"><vector name="origin" x="18" y="25"/><imgdir name="map"><vector name="neck" x="-16" y="-24"/><vector name="navel" x="-10" y="-16"/></imgdir><string name="z" value="body"/><string name="group" value="skin"/></canvas><canvas name="arm" width="24" height="16"><vector name="origin" x="10" y="10"/><imgdir name="map"><vector name="navel" x="-2" y="-2"/><vector name="hand" x="10" y="2"/></imgdir><string name="z" value="armBelowHeadOverMailChest"/><string name="group" value="skin"/></canvas><short name="face" value="1"/><int name="delay" value="150"/></imgdir><imgdir name="2"><canvas name="body" width="38" height="39"><vector name="origin" x="25" y="40"/><imgdir name="map"><vector name="neck" x="-20" y="-28"/><vector name="navel" x="-13" y="-18"/></imgdir><string name="z" value="body"/><string name="group" value="skin"/></canvas><canvas name="arm" width="14" height="17"><vector name="origin" x="10" y="8"/><imgdir name="map"><vector name="navel" x="9" y="12"/><vector name="hand" x="-2" y="-4"/></imgdir><string name="z" value="armBelowHead"/><string name="group" value="skin"/></canvas><short name="face" value="1"/><int name="delay" value="350"/></imgdir></imgdir><imgdir name="swingTF"><imgdir name="0"><canvas name="body" width="19" height="48"><vector name="origin" x="14" y="48"/><imgdir name="map"><vector name="neck" x="-5" y="-32"/><vector name="navel" x="-5" y="-21"/><vector name="hand" x="-6" y="-45"/></imgdir><string name="z" value="backBody"/><string name="group" value="skin"/></canvas><short name="face" value="0"/><int name="delay" value="200"/></imgdir><imgdir name="1"><canvas name="body" width="22" height="41"><vector name="origin" x="19" y="41"/><imgdir name="map"><vector name="neck" x="-9" y="-33"/><vector name="navel" x="-9" y="-22"/></imgdir><string name="z" value="body"/><string name="group" value="skin"/></canvas><canvas name="arm" width="13" height="12"><vector name="origin" x="10" y="10"/><imgdir name="map"><vector name="navel" x="-12" y="7"/><vector name="hand" x="-1" y="-7"/></imgdir><string name="z" value="armBelowHeadOverMailChest"/><string name="group" value="skin"/></canvas><short name="face" value="1"/><int name="delay" value="150"/></imgdir><imgdir name="2"><canvas name="body" width="27" height="30"><vector name="origin" x="25" y="30"/><imgdir name="map"><vector name="neck" x="-22" y="-30"/><vector name="navel" x="-17" y="-18"/></imgdir><string name="z" value="body"/><string name="group" value="skin"/></canvas><canvas name="arm" width="21" height="29"><vector name="origin" x="10" y="8"/><imgdir name="map"><vector name="navel" x="6" y="26"/><vector name="hand" x="3" y="-4"/></imgdir><string name="z" value="armOverHair"/><string name="group" value="skin"/></canvas><short name="face" value="1"/><int name="delay" value="150"/></imgdir><imgdir name="3"><canvas name="body" width="42" height="28"><vector name="origin" x="41" y="28"/><imgdir name="map"><vector name="neck" x="-37" y="-24"/><vector name="navel" x="-24" y="-15"/></imgdir><string name="z" value="body"/><string name="group" value="skin"/></canvas><canvas name="arm" width="17" height="22"><vector name="origin" x="10" y="8"/><imgdir name="map"><vector name="navel" x="12" y="0"/><vector name="hand" x="-6" y="10"/></imgdir><string name="z" value="armOverHair"/><string name="group" value="skin"/></canvas><short name="face" value="1"/><int name="delay" value="200"/></imgdir></imgdir><imgdir name="swingP1"><imgdir name="0"><canvas name="body" width="22" height="31"><vector name="origin" x="19" y="31"/><imgdir name="map"><vector name="neck" x="-4" y="-32"/><vector name="navel" x="-7" y="-20"/></imgdir><string name="z" value="body"/><string name="group" value="skin"/></canvas><canvas name="arm" width="15" height="23"><vector name="origin" x="5" y="9"/><imgdir name="map"><vector name="navel" x="3" y="21"/><vector name="hand" x="5" y="-5"/></imgdir><string name="z" value="armOverHairBelowWeapon"/><string name="group" value="skin"/></canvas><canvas name="armOverHair" width="18" height="25"><vector name="origin" x="9" y="13"/><imgdir name="map"><vector name="navel" x="-14" y="19"/></imgdir><string name="z" value="armOverHair"/><string name="group" value="skin"/></canvas><short name="face" value="1"/><int name="delay" value="300"/></imgdir><imgdir name="1"><canvas name="body" width="41" height="31"><vector name="origin" x="38" y="31"/><imgdir name="map"><vector name="neck" x="-19" y="-30"/><vector name="navel" x="-13" y="-17"/></imgdir><string name="z" value="body"/><string name="group" value="skin"/></canvas><canvas name="arm" width="20" height="19"><vector name="origin" x="10" y="10"/><imgdir name="map"><vector name="navel" x="9" y="16"/><vector name="hand" x="-6" y="-6"/></imgdir><string name="z" value="armOverHair"/><string name="group" value="skin"/></canvas><short name="face" value="1"/><int name="delay" value="150"/></imgdir><imgdir name="2"><canvas name="body" width="39" height="28"><vector name="origin" x="35" y="28"/><imgdir name="map"><vector name="neck" x="-33" y="-25"/><vector name="navel" x="-23" y="-16"/></imgdir><string name="z" value="body"/><string name="group" value="skin"/></canvas><canvas name="arm" width="17" height="22"><vector name="origin" x="10" y="8"/><imgdir name="map"><vector name="navel" x="10" y="-1"/><vector name="hand" x="-6" y="10"/></imgdir><string name="z" value="arm"/><string name="group" value="skin"/></canvas><short name="face" value="1"/><int name="delay" value="350"/></imgdir></imgdir><imgdir name="swingP2"><imgdir name="0"><canvas name="body" width="25" height="48"><vector name="origin" x="18" y="48"/><imgdir name="map"><vector name="neck" x="-4" y="-32"/><vector name="navel" x="-7" y="-20"/></imgdir><string name="z" value="body"/><string name="group" value="skin"/></canvas><canvas name="arm" width="23" height="16"><vector name="origin" x="5" y="9"/><imgdir name="map"><vector name="navel" x="17" y="9"/><vector name="hand" x="0" y="-5"/></imgdir><string name="z" value="arm"/><string name="group" value="skin"/></canvas><short name="face" value="1"/><int name="delay" value="300"/></imgdir><imgdir name="1"><canvas name="body" width="38" height="43"><vector name="origin" x="31" y="43"/><imgdir name="map"><vector name="neck" x="-13" y="-30"/><vector name="navel" x="-9" y="-18"/></imgdir><string name="z" value="body"/><string name="group" value="skin"/></canvas><canvas name="arm" width="25" height="10"><vector name="origin" x="10" y="10"/><imgdir name="map"><vector name="navel" x="13" y="-3"/><vector name="hand" x="-6" y="-5"/></imgdir><string name="z" value="arm"/><string name="group" value="skin"/></canvas><short name="face" value="1"/><int name="delay" value="150"/></imgdir><imgdir name="2"><canvas name="body" width="37" height="28"><vector name="origin" x="28" y="28"/><imgdir name="map"><vector name="neck" x="-29" y="-24"/><vector name="navel" x="-17" y="-16"/></imgdir><string name="z" value="body"/><string name="group" value="skin"/></canvas><canvas name="arm" width="25" height="23"><vector name="origin" x="10" y="8"/><imgdir name="map"><vector name="navel" x="-1" y="4"/><vector name="hand" x="5" y="11"/></imgdir><string name="z" value="armBelowHead"/><string name="group" value="skin"/></canvas><short name="face" value="1"/><int name="delay" value="350"/></imgdir></imgdir><imgdir name="swingPF"><imgdir name="0"><canvas name="body" width="46" height="28"><vector name="origin" x="31" y="28"/><imgdir name="map"><vector name="neck" x="-11" y="-27"/><vector name="navel" x="-12" y="-15"/></imgdir><string name="z" value="body"/><string name="group" value="skin"/></canvas><canvas name="arm" width="19" height="18"><vector name="origin" x="7" y="7"/><imgdir name="map"><vector name="navel" x="-14" y="10"/><vector name="hand" x="6" y="7"/></imgdir><string name="z" value="arm"/><string name="group" value="skin"/></canvas><canvas name="hand" width="10" height="9"><vector name="origin" x="4" y="4"/><imgdir name="map"><vector name="navel" x="19" y="3"/></imgdir><string name="z" value="handOverHair"/><string name="group" value="skin"/></canvas><short name="face" value="1"/><int name="delay" value="100"/></imgdir><imgdir name="1"><canvas name="body" width="44" height="27"><vector name="origin" x="31" y="27"/><imgdir name="map"><vector name="neck" x="-11" y="-26"/><vector name="navel" x="-12" y="-14"/></imgdir><string name="z" value="body"/><string name="group" value="skin"/></canvas><canvas name="arm" width="19" height="14"><vector name="origin" x="7" y="7"/><imgdir name="map"><vector name="navel" x="-14" y="9"/><vector name="hand" x="6" y="3"/></imgdir><string name="z" value="arm"/><string name="group" value="skin"/></canvas><canvas name="hand" width="10" height="9"><vector name="origin" x="4" y="4"/><imgdir name="map"><vector name="navel" x="17" y="-1"/></imgdir><string name="z" value="handOverHair"/><string name="group" value="skin"/></canvas><short name="face" value="1"/><int name="delay" value="200"/></imgdir><imgdir name="2"><canvas name="body" width="21" height="43"><vector name="origin" x="30" y="59"/><imgdir name="map"><vector name="neck" x="-21" y="-58"/><vector name="navel" x="-18" y="-46"/></imgdir><string name="z" value="body"/><string name="group" value="skin"/></canvas><canvas name="arm" width="18" height="24"><vector name="origin" x="7" y="7"/><imgdir name="map"><vector name="navel" x="-8" y="25"/><vector name="hand" x="6" y="-4"/></imgdir><string name="z" value="armOverHair"/><string name="group" value="skin"/></canvas><canvas name="armOverHair" width="15" height="23"><vector name="origin" x="9" y="13"/><imgdir name="map"><vector name="navel" x="5" y="17"/></imgdir><string name="z" value="armOverHair"/><string name="group" value="skin"/></canvas><short name="face" value="1"/><int name="delay" value="200"/></imgdir><imgdir name="3"><canvas name="body" width="23" height="28"><vector name="origin" x="50" y="28"/><imgdir name="map"><vector name="neck" x="-48" y="-25"/><vector name="navel" x="-36" y="-16"/></imgdir><string name="z" value="body"/><string name="group" value="skin"/></canvas><canvas name="arm" width="17" height="22"><vector name="origin" x="7" y="7"/><imgdir name="map"><vector name="navel" x="15" y="0"/><vector name="hand" x="-8" y="6"/></imgdir><string name="z" value="armOverHair"/><string name="group" value="skin"/></canvas><short name="face" value="1"/><int name="delay" value="200"/></imgdir></imgdir><imgdir name="stabO1"><imgdir name="0"><canvas name="body" width="39" height="29"><vector name="origin" x="30" y="29"/><imgdir name="map"><vector name="neck" x="-4" y="-29"/><vector name="navel" x="-5" y="-17"/></imgdir><string name="z" value="body"/><string name="group" value="skin"/></canvas><canvas name="arm" width="14" height="18"><vector name="origin" x="7" y="7"/><imgdir name="map"><vector name="navel" x="-12" y="4"/><vector name="hand" x="2" y="7"/></imgdir><string name="z" value="arm"/><string name="group" value="skin"/></canvas><short name="face" value="1"/><int name="delay" value="350"/></imgdir><imgdir name="1"><canvas name="body" width="34" height="27"><vector name="origin" x="25" y="27"/><imgdir name="map"><vector name="neck" x="-23" y="-26"/><vector name="navel" x="-14" y="-15"/></imgdir><string name="z" value="body"/><string name="group" value="skin"/></canvas><canvas name="arm" width="26" height="9"><vector name="origin" x="7" y="7"/><imgdir name="map"><vector name="navel" x="23" y="5"/><vector name="hand" x="-3" y="-2"/></imgdir><string name="z" value="armOverHair"/><string name="group" value="skin"/></canvas><short name="face" value="1"/><int name="delay" value="450"/></imgdir></imgdir><imgdir name="stabO2"><imgdir name="0"><canvas name="body" width="38" height="33"><vector name="origin" x="30" y="33"/><imgdir name="map"><vector name="neck" x="-4" y="-32"/><vector name="navel" x="-5" y="-20"/></imgdir><string name="z" value="body"/><string name="group" value="skin"/></canvas><canvas name="arm" width="12" height="11"><vector name="origin" x="7" y="7"/><imgdir name="map"><vector name="navel" x="-13" y="9"/><vector name="hand" x="-2" y="-3"/></imgdir><string name="z" value="armOverHair"/><string name="group" value="skin"/></canvas><short name="face" value="1"/><int name="delay" value="350"/></imgdir><imgdir name="1"><canvas name="body" width="36" height="27"><vector name="origin" x="26" y="27"/><imgdir name="map"><vector name="neck" x="-26" y="-25"/><vector name="navel" x="-16" y="-16"/></imgdir><string name="z" value="body"/><string name="group" value="skin"/></canvas><canvas name="arm" width="25" height="9"><vector name="origin" x="7" y="7"/><imgdir name="map"><vector name="navel" x="20" y="4"/><vector name="hand" x="-3" y="-3"/></imgdir><string name="z" value="armOverHair"/><string name="group" value="skin"/></canvas><short name="face" value="1"/><int name="delay" value="450"/></imgdir></imgdir><imgdir name="stabOF"><imgdir name="0"><canvas name="body" width="20" height="26"><vector name="origin" x="8" y="26"/><imgdir name="map"><vector name="neck" x="-5" y="-25"/><vector name="navel" x="4" y="-13"/></imgdir><string name="z" value="body"/><string name="group" value="skin"/></canvas><canvas name="arm" width="15" height="16"><vector name="origin" x="7" y="7"/><imgdir name="map"><vector name="navel" x="-4" y="6"/><vector name="hand" x="3" y="5"/></imgdir><string name="z" value="armOverHair"/><string name="group" value="skin"/></canvas><short name="face" value="1"/><int name="delay" value="250"/></imgdir><imgdir name="1"><canvas name="body" width="52" height="32"><vector name="origin" x="53" y="34"/><imgdir name="map"><vector name="neck" x="-30" y="-30"/><vector name="navel" x="-18" y="-21"/></imgdir><string name="z" value="body"/><string name="group" value="skin"/></canvas><canvas name="arm" width="18" height="15"><vector name="origin" x="7" y="7"/><imgdir name="map"><vector name="navel" x="-5" y="2"/><vector name="hand" x="-28" y="8"/></imgdir><string name="z" value="armOverHair"/><string name="group" value="skin"/></canvas><short name="face" value="1"/><int name="delay" value="150"/></imgdir><imgdir name="2"><canvas name="body" width="48" height="27"><vector name="origin" x="60" y="27"/><imgdir name="map"><vector name="neck" x="-50" y="-24"/><vector name="navel" x="-37" y="-15"/></imgdir><string name="z" value="body"/><string name="group" value="skin"/></canvas><canvas name="arm" width="28" height="9"><vector name="origin" x="7" y="7"/><imgdir name="map"><vector name="navel" x="25" y="4"/><vector name="hand" x="2" y="10"/></imgdir><string name="z" value="armOverHair"/><string name="group" value="skin"/></canvas><short name="face" value="1"/><int name="delay" value="300"/></imgdir></imgdir><imgdir name="stabT1"><imgdir name="0"><canvas name="body" width="27" height="32"><vector name="origin" x="25" y="32"/><imgdir name="map"><vector name="neck" x="-18" y="-28"/><vector name="navel" x="-9" y="-19"/></imgdir><string name="z" value="body"/><string name="group" value="skin"/></canvas><canvas name="arm" width="25" height="15"><vector name="origin" x="7" y="7"/><imgdir name="map"><vector name="navel" x="-7" y="6"/><vector name="hand" x="13" y="4"/></imgdir><string name="z" value="armBelowHead"/><string name="group" value="skin"/></canvas><canvas name="hand" width="10" height="8"><vector name="origin" x="4" y="4"/><imgdir name="map"><vector name="navel" x="2" y="-3"/></imgdir><string name="z" value="handOverHair"/><string name="group" value="skin"/></canvas><short name="face" value="1"/><int name="delay" value="300"/></imgdir><imgdir name="1"><canvas name="body" width="32" height="29"><vector name="origin" x="32" y="29"/><imgdir name="map"><vector name="neck" x="-31" y="-24"/><vector name="navel" x="-24" y="-18"/></imgdir><string name="z" value="body"/><string name="group" value="skin"/></canvas><canvas name="arm" width="20" height="16"><vector name="origin" x="7" y="7"/><imgdir name="map"><vector name="navel" x="-9" y="6"/><vector name="hand" x="8" y="5"/></imgdir><string name="z" value="armBelowHead"/><string name="group" value="skin"/></canvas><canvas name="hand" width="10" height="8"><vector name="origin" x="4" y="4"/><imgdir name="map"><vector name="navel" x="5" y="-4"/></imgdir><string name="z" value="handOverHair"/><string name="group" value="skin"/></canvas><short name="face" value="1"/><int name="delay" value="100"/></imgdir><imgdir name="2"><canvas name="body" width="57" height="25"><vector name="origin" x="58" y="25"/><imgdir name="map"><vector name="neck" x="-35" y="-23"/><vector name="navel" x="-29" y="-14"/></imgdir><string name="z" value="body"/><string name="group" value="skin"/></canvas><canvas name="arm" width="21" height="11"><vector name="origin" x="7" y="7"/><imgdir name="map"><vector name="navel" x="0" y="4"/><vector name="hand" x="-3" y="0"/></imgdir><string name="z" value="armBelowHead"/><string name="group" value="skin"/></canvas><canvas name="hand" width="10" height="9"><vector name="origin" x="4" y="4"/><imgdir name="map"><vector name="navel" x="25" y="4"/></imgdir><string name="z" value="handOverHair"/><string name="group" value="skin"/></canvas><short name="face" value="1"/><int name="delay" value="350"/></imgdir></imgdir><imgdir name="stabT2"><imgdir name="0"><canvas name="body" width="26" height="32"><vector name="origin" x="15" y="32"/><imgdir name="map"><vector name="neck" x="-9" y="-29"/><vector name="navel" x="-2" y="-18"/></imgdir><string name="z" value="body"/><string name="group" value="skin"/></canvas><canvas name="arm" width="15" height="17"><vector name="origin" x="7" y="7"/><imgdir name="map"><vector name="navel" x="-10" y="8"/><vector name="hand" x="3" y="8"/></imgdir><string name="z" value="armBelowHead"/><string name="group" value="skin"/></canvas><canvas name="hand" width="10" height="9"><vector name="origin" x="4" y="4"/><imgdir name="map"><vector name="navel" x="12" y="-3"/></imgdir><string name="z" value="handOverHair"/><string name="group" value="skin"/></canvas><short name="face" value="1"/><int name="delay" value="300"/></imgdir><imgdir name="1"><canvas name="body" width="33" height="29"><vector name="origin" x="23" y="29"/><imgdir name="map"><vector name="neck" x="-25" y="-22"/><vector name="navel" x="-10" y="-16"/></imgdir><string name="z" value="body"/><string name="group" value="skin"/></canvas><canvas name="arm" width="21" height="17"><vector name="origin" x="7" y="7"/><imgdir name="map"><vector name="navel" x="-3" y="9"/><vector name="hand" x="9" y="6"/></imgdir><string name="z" value="armBelowHead"/><string name="group" value="skin"/></canvas><canvas name="hand" width="9" height="10"><vector name="origin" x="4" y="4"/><imgdir name="map"><vector name="navel" x="15" y="-2"/></imgdir><string name="z" value="handOverHair"/><string name="group" value="skin"/></canvas><short name="face" value="1"/><int name="delay" value="100"/></imgdir><imgdir name="2"><canvas name="body" width="52" height="26"><vector name="origin" x="43" y="26"/><imgdir name="map"><vector name="neck" x="-28" y="-23"/><vector name="navel" x="-19" y="-14"/></imgdir><string name="z" value="body"/><string name="group" value="skin"/></canvas><canvas name="arm" width="13" height="20"><vector name="origin" x="7" y="7"/><imgdir name="map"><vector name="navel" x="-8" y="5"/><vector name="hand" x="-2" y="9"/></imgdir><string name="z" value="armBelowHead"/><string name="group" value="skin"/></canvas><canvas name="hand" width="11" height="10"><vector name="origin" x="4" y="4"/><imgdir name="map"><vector name="navel" x="26" y="4"/></imgdir><string name="z" value="handOverHair"/><string name="group" value="skin"/></canvas><short name="face" value="1"/><int name="delay" value="350"/></imgdir></imgdir><imgdir name="stabTF"><imgdir name="0"><uol name="body" value="../../swingPF/0/body"/><uol name="arm" value="../../swingPF/0/arm"/><uol name="hand" value="../../swingPF/0/hand"/><short name="face" value="1"/><int name="delay" value="100"/></imgdir><imgdir name="1"><uol name="body" value="../../swingPF/1/body"/><uol name="arm" value="../../swingPF/1/arm"/><uol name="hand" value="../../swingPF/1/hand"/><short name="face" value="1"/><int name="delay" value="200"/></imgdir><imgdir name="2"><canvas name="body" width="21" height="43"><vector name="origin" x="30" y="59"/><imgdir name="map"><vector name="neck" x="-21" y="-58"/><vector name="navel" x="-18" y="-46"/></imgdir><string name="z" value="body"/><string name="group" value="skin"/></canvas><canvas name="arm" width="26" height="11"><vector name="origin" x="7" y="7"/><imgdir name="map"><vector name="navel" x="-10" y="9"/><vector name="hand" x="4" y="-20"/></imgdir><string name="z" value="armBelowHead"/><string name="group" value="skin"/></canvas><canvas name="armOverHair" width="23" height="12"><vector name="origin" x="9" y="13"/><imgdir name="map"><vector name="navel" x="-3" y="-4"/></imgdir><string name="z" value="arm"/><string name="group" value="skin"/></canvas><short name="face" value="1"/><int name="delay" value="200"/></imgdir><imgdir name="3"><uol name="body" value="../../stabT1/2/body"/><uol name="arm" value="../../stabT1/2/arm"/><uol name="hand" value="../../stabT1/2/hand"/><short name="face" value="1"/><int name="delay" value="200"/></imgdir></imgdir><imgdir name="shoot1"><imgdir name="0"><canvas name="body" width="37" height="31"><vector name="origin" x="31" y="31"/><imgdir name="map"><vector name="neck" x="-4" y="-32"/><vector name="navel" x="-4" y="-19"/></imgdir><string name="z" value="body"/><string name="group" value="skin"/></canvas><canvas name="arm" width="23" height="11"><vector name="origin" x="7" y="7"/><imgdir name="map"><vector name="navel" x="6" y="9"/><vector name="hand" x="-3" y="-3"/></imgdir><string name="z" value="armOverHair"/><string name="group" value="skin"/></canvas><short name="face" value="1"/><int name="delay" value="300"/></imgdir><imgdir name="1"><canvas name="body" width="37" height="31"><vector name="origin" x="31" y="31"/><imgdir name="map"><vector name="neck" x="-4" y="-32"/><vector name="navel" x="-4" y="-19"/></imgdir><string name="z" value="body"/><string name="group" value="skin"/></canvas><canvas name="arm" width="16" height="11"><vector name="origin" x="7" y="7"/><imgdir name="map"><vector name="navel" x="-8" y="9"/><vector name="hand" x="-3" y="-3"/></imgdir><string name="z" value="armOverHair"/><string name="group" value="skin"/></canvas><short name="face" value="1"/><int name="delay" value="150"/></imgdir><imgdir name="2"><uol name="body" value="../1/body"/><uol name="arm" value="../1/arm"/><short name="face" value="1"/><int name="delay" value="350"/></imgdir></imgdir><imgdir name="shoot2"><imgdir name="0"><canvas name="body" width="31" height="30"><vector name="origin" x="24" y="30"/><imgdir name="map"><vector name="neck" x="-5" y="-31"/><vector name="navel" x="-6" y="-18"/></imgdir><string name="z" value="body"/><string name="group" value="skin"/></canvas><canvas name="arm" width="16" height="11"><vector name="origin" x="7" y="7"/><imgdir name="map"><vector name="navel" x="-6" y="5"/><vector name="hand" x="-2" y="0"/></imgdir><string name="z" value="armOverHair"/><string name="group" value="skin"/></canvas><short name="face" value="1"/><int name="delay" value="160"/></imgdir><imgdir name="1"><canvas name="body" width="31" height="30"><vector name="origin" x="24" y="30"/><imgdir name="map"><vector name="neck" x="-5" y="-31"/><vector name="navel" x="-6" y="-18"/></imgdir><string name="z" value="body"/><string name="group" value="skin"/></canvas><canvas name="arm" width="23" height="9"><vector name="origin" x="7" y="7"/><imgdir name="map"><vector name="navel" x="8" y="10"/><vector name="hand" x="11" y="5"/></imgdir><string name="z" value="armOverHair"/><string name="group" value="skin"/></canvas><short name="face" value="1"/><int name="delay" value="160"/></imgdir><imgdir name="2"><canvas name="body" width="31" height="30"><vector name="origin" x="24" y="30"/><imgdir name="map"><vector name="neck" x="-5" y="-31"/><vector name="navel" x="-6" y="-18"/></imgdir><string name="z" value="body"/><string name="group" value="skin"/></canvas><canvas name="arm" width="16" height="9"><vector name="origin" x="7" y="7"/><imgdir name="map"><vector name="navel" x="-5" y="9"/><vector name="hand" x="-17" y="-2"/></imgdir><string name="z" value="armOverHair"/><string name="group" value="skin"/></canvas><short name="face" value="1"/><int name="delay" value="250"/></imgdir><imgdir name="3"><canvas name="body" width="31" height="30"><vector name="origin" x="24" y="30"/><imgdir name="map"><vector name="neck" x="-5" y="-31"/><vector name="navel" x="-6" y="-18"/></imgdir><string name="z" value="body"/><string name="group" value="skin"/></canvas><canvas name="arm" width="16" height="11"><vector name="origin" x="7" y="7"/><imgdir name="map"><vector name="navel" x="-6" y="5"/><vector name="hand" x="-5" y="-7"/></imgdir><string name="z" value="armOverHair"/><string name="group" value="skin"/></canvas><short name="face" value="1"/><int name="delay" value="100"/></imgdir><imgdir name="4"><canvas name="body" width="29" height="30"><vector name="origin" x="22" y="30"/><imgdir name="map"><vector name="neck" x="-4" y="-31"/><vector name="navel" x="-6" y="-18"/></imgdir><string name="z" value="body"/><string name="group" value="skin"/></canvas><canvas name="arm" width="16" height="11"><vector name="origin" x="7" y="7"/><imgdir name="map"><vector name="navel" x="-8" y="5"/><vector name="hand" x="-8" y="-8"/></imgdir><string name="z" value="armOverHair"/><string name="group" value="skin"/></canvas><short name="face" value="1"/><int name="delay" value="150"/></imgdir></imgdir><imgdir name="shootF"><imgdir name="0"><canvas name="body" width="38" height="36"><vector name="origin" x="32" y="36"/><imgdir name="map"><vector name="neck" x="-4" y="-32"/><vector name="navel" x="-3" y="-19"/></imgdir><string name="z" value="body"/><string name="group" value="skin"/></canvas><canvas name="arm" width="21" height="12"><vector name="origin" x="7" y="7"/><imgdir name="map"><vector name="navel" x="5" y="11"/><vector name="hand" x="-3" y="-2"/></imgdir><string name="z" value="armOverHair"/><string name="group" value="skin"/></canvas><short name="face" value="1"/><int name="delay" value="300"/></imgdir><imgdir name="1"><canvas name="body" width="43" height="35"><vector name="origin" x="34" y="35"/><imgdir name="map"><vector name="neck" x="-3" y="-31"/><vector name="navel" x="-3" y="-18"/></imgdir><string name="z" value="body"/><string name="group" value="skin"/></canvas><canvas name="arm" width="15" height="14"><vector name="origin" x="7" y="7"/><imgdir name="map"><vector name="navel" x="-9" y="8"/><vector name="hand" x="-2" y="-3"/></imgdir><string name="z" value="armOverHair"/><string name="group" value="skin"/></canvas><short name="face" value="1"/><int name="delay" value="150"/></imgdir><imgdir name="2"><uol name="body" value="../1/body"/><uol name="arm" value="../1/arm"/><short name="face" value="1"/><int name="delay" value="250"/></imgdir></imgdir><imgdir name="proneStab"><imgdir name="0"><canvas name="body" width="63" height="15"><vector name="origin" x="47" y="15"/><imgdir name="map"><vector name="neck" x="-23" y="-4"/><vector name="navel" x="-7" y="-3"/></imgdir><string name="z" value="body"/><string name="group" value="skin"/></canvas><canvas name="arm" width="20" height="10"><vector name="origin" x="7" y="7"/><imgdir name="map"><vector name="navel" x="7" y="0"/><vector name="hand" x="-2" y="-2"/></imgdir><string name="z" value="armOverHair"/><string name="group" value="skin"/></canvas><short name="face" value="1"/><int name="delay" value="300"/></imgdir><imgdir name="1"><canvas name="body" width="63" height="15"><vector name="origin" x="47" y="15"/><imgdir name="map"><vector name="neck" x="-23" y="-4"/><vector name="navel" x="-7" y="-3"/></imgdir><string name="z" value="body"/><string name="group" value="skin"/></canvas><canvas name="arm" width="28" height="9"><vector name="origin" x="7" y="7"/><imgdir name="map"><vector name="navel" x="22" y="-1"/><vector name="hand" x="-3" y="-2"/></imgdir><string name="z" value="armOverHair"/><string name="group" value="skin"/></canvas><short name="face" value="1"/><int name="delay" value="400"/></imgdir></imgdir><imgdir name="prone"><imgdir name="0"><uol name="body" value="../../proneStab/0/body"/><uol name="arm" value="../../proneStab/0/arm"/><short name="face" value="1"/><int name="delay" value="1000"/></imgdir></imgdir><imgdir name="heal"><imgdir name="0"><uol name="body" value="../../alert/1/body"/><uol name="arm" value="../../alert/1/arm"/><uol name="lHand" value="../../alert/1/lHand"/><uol name="rHand" value="../../alert/1/rHand"/><short name="face" value="1"/><int name="delay" value="300"/></imgdir><imgdir name="1"><canvas name="body" width="28" height="31"><vector name="origin" x="19" y="31"/><imgdir name="map"><vector name="neck" x="-11" y="-30"/><vector name="navel" x="-6" y="-18"/></imgdir><string name="z" value="body"/><string name="group" value="skin"/></canvas><canvas name="arm" width="23" height="11"><vector name="origin" x="12" y="6"/><imgdir name="map"><vector name="navel" x="13" y="9"/><vector name="hand" x="-8" y="8"/></imgdir><string name="z" value="armBelowHead"/><string name="group" value="skin"/></canvas><short name="face" value="1"/><int name="delay" value="150"/></imgdir><imgdir name="2"><uol name="body" value="../../swingO2/0/body"/><uol name="arm" value="../../swingO2/0/arm"/><short name="face" value="1"/><int name="delay" value="350"/></imgdir></imgdir><imgdir name="fly"><imgdir name="0"><canvas name="body" width="24" height="37"><vector name="origin" x="12" y="37"/><imgdir name="map"><vector name="neck" x="-4" y="-37"/><vector name="navel" x="-4" y="-24"/></imgdir><string name="z" value="body"/><string name="group" value="skin"/></canvas><canvas name="arm" width="13" height="11"><vector name="origin" x="6" y="8"/><imgdir name="map"><vector name="navel" x="-5" y="5"/><vector name="hand" x="-2" y="-4"/></imgdir><string name="z" value="arm"/><string name="group" value="skin"/></canvas><canvas name="lHand" width="8" height="9"><vector name="origin" x="13" y="24"/><imgdir name="map"><vector name="navel" x="-1" y="-16"/></imgdir><string name="z" value="handBelowWeapon"/><string name="group" value="skin"/></canvas><canvas name="rHand" width="9" height="9"><vector name="origin" x="4" y="4"/><imgdir name="map"><vector name="navel" x="-3" y="9"/></imgdir><string name="z" value="handOverHair"/><string name="group" value="skin"/></canvas><short name="face" value="1"/><int name="delay" value="300"/></imgdir><imgdir name="1"><canvas name="body" width="20" height="37"><vector name="origin" x="12" y="37"/><imgdir name="map"><vector name="neck" x="-4" y="-37"/><vector name="navel" x="-4" y="-24"/></imgdir><string name="z" value="body"/><string name="group" value="skin"/></canvas><canvas name="arm" width="13" height="11"><vector name="origin" x="6" y="8"/><imgdir name="map"><vector name="navel" x="-5" y="5"/><vector name="hand" x="-3" y="-3"/></imgdir><string name="z" value="arm"/><string name="group" value="skin"/></canvas><canvas name="lHand" width="8" height="9"><vector name="origin" x="13" y="24"/><imgdir name="map"><vector name="navel" x="-1" y="-16"/></imgdir><string name="z" value="handBelowWeapon"/><string name="group" value="skin"/></canvas><canvas name="rHand" width="9" height="9"><vector name="origin" x="4" y="4"/><imgdir name="map"><vector name="navel" x="-3" y="9"/></imgdir><string name="z" value="handOverHair"/><string name="group" value="skin"/></canvas><short name="face" value="1"/><int name="delay" value="300"/></imgdir></imgdir><imgdir name="jump"><imgdir name="0"><canvas name="body" width="35" height="30"><vector name="origin" x="22" y="30"/><imgdir name="map"><vector name="neck" x="-4" y="-30"/><vector name="navel" x="-5" y="-18"/></imgdir><string name="z" value="body"/><string name="group" value="skin"/></canvas><canvas name="arm" width="13" height="11"><vector name="origin" x="7" y="7"/><imgdir name="map"><vector name="navel" x="-7" y="5"/><vector name="hand" x="-3" y="-3"/></imgdir><string name="z" value="armOverHair"/><string name="group" value="skin"/></canvas><canvas name="lHand" width="8" height="9"><vector name="origin" x="13" y="24"/><imgdir name="map"><vector name="navel" x="-2" y="-17"/></imgdir><string name="z" value="handBelowWeapon"/><string name="group" value="skin"/></canvas><canvas name="rHand" width="9" height="9"><vector name="origin" x="4" y="4"/><imgdir name="map"><vector name="navel" x="-4" y="8"/></imgdir><string name="z" value="handOverHair"/><string name="group" value="skin"/></canvas><short name="face" value="1"/><int name="delay" value="200"/></imgdir></imgdir><imgdir name="sit"><imgdir name="0"><canvas name="body" width="25" height="25"><vector name="origin" x="19" y="28"/><imgdir name="map"><vector name="neck" x="-1" y="-28"/><vector name="navel" x="-2" y="-17"/></imgdir><string name="z" value="body"/><string name="group" value="skin"/></canvas><canvas name="arm" width="11" height="15"><vector name="origin" x="5" y="7"/><imgdir name="map"><vector name="navel" x="-4" y="2"/><vector name="hand" x="-1" y="-7"/></imgdir><string name="z" value="arm"/><string name="group" value="skin"/></canvas><short name="face" value="1"/></imgdir></imgdir><imgdir name="ladder"><imgdir name="0"><canvas name="body" width="23" height="43"><vector name="origin" x="11" y="43"/><imgdir name="map"><vector name="neck" x="-1" y="-30"/><vector name="navel" x="0" y="-21"/><vector name="hand" x="-4" y="-39"/></imgdir><string name="z" value="backBody"/><string name="group" value="skin"/></canvas><short name="face" value="0"/><int name="delay" value="250"/></imgdir><imgdir name="1"><canvas name="body" width="23" height="43"><vector name="origin" x="10" y="41"/><imgdir name="map"><vector name="neck" x="2" y="-28"/><vector name="navel" x="2" y="-19"/><vector name="hand" x="7" y="-38"/></imgdir><string name="z" value="backBody"/><string name="group" value="skin"/></canvas><short name="face" value="0"/><int name="delay" value="250"/></imgdir></imgdir><imgdir name="rope"><imgdir name="0"><canvas name="body" width="19" height="43"><vector name="origin" x="8" y="43"/><imgdir name="map"><vector name="neck" x="1" y="-33"/><vector name="navel" x="2" y="-24"/><vector name="hand" x="1" y="-39"/></imgdir><string name="z" value="backBody"/><string name="group" value="skin"/></canvas><short name="face" value="0"/><int name="delay" value="250"/></imgdir><imgdir name="1"><canvas name="body" width="19" height="30"><vector name="origin" x="8" y="30"/><imgdir name="map"><vector name="neck" x="1" y="-28"/><vector name="navel" x="1" y="-18"/><vector name="hand" x="1" y="-29"/></imgdir><string name="z" value="backBody"/><string name="group" value="skin"/></canvas><short name="face" value="0"/><int name="delay" value="250"/></imgdir></imgdir><imgdir name="dead"><imgdir name="0"><canvas name="body" width="28" height="28"><vector name="origin" x="13" y="27"/><imgdir name="map"><vector name="neck" x="1" y="-28"/></imgdir><string name="z" value="body"/></canvas><short name="face" value="1"/></imgdir></imgdir><imgdir name="ghostwalk"><imgdir name="1"><imgdir name="0"><canvas name="body" width="31" height="27"><vector name="origin" x="18" y="32"/><int name="delay" value="180"/><imgdir name="map"><vector name="neck" x="-1" y="-28"/><vector name="navel" x="-6" y="-20"/></imgdir><string name="z" value="body"/><string name="group" value="skin"/></canvas><short name="face" value="1"/><int name="delay" value="180"/></imgdir><imgdir name="1"><canvas name="body" width="32" height="27"><vector name="origin" x="18" y="31"/><int name="delay" value="180"/><imgdir name="map"><vector name="neck" x="-1" y="-28"/><vector name="navel" x="-6" y="-20"/></imgdir><string name="z" value="body"/><string name="group" value="skin"/></canvas><short name="face" value="1"/><int name="delay" value="180"/></imgdir><imgdir name="2"><canvas name="body" width="32" height="27"><vector name="origin" x="18" y="30"/><string name="z" value="body"/><int name="delay" value="180"/><imgdir name="map"><vector name="neck" x="-1" y="-28"/><vector name="navel" x="-6" y="-18"/></imgdir><string name="group" value="skin"/></canvas><short name="face" value="1"/><int name="delay" value="180"/></imgdir><imgdir name="3"><canvas name="body" width="32" height="27"><vector name="origin" x="18" y="31"/><int name="delay" value="180"/><imgdir name="map"><vector name="neck" x="-1" y="-28"/><vector name="navel" x="-6" y="-18"/></imgdir><string name="z" value="body"/><string name="group" value="skin"/></canvas><short name="face" value="1"/><int name="delay" value="180"/></imgdir></imgdir><imgdir name="2"><imgdir name="0"><canvas name="body" width="66" height="48"><vector name="origin" x="30" y="64"/><int name="delay" value="180"/><imgdir name="map"><vector name="neck" x="1" y="-63"/><vector name="navel" x="-4" y="-55"/></imgdir><string name="z" value="body"/><string name="group" value="skin"/></canvas><short name="face" value="1"/><int name="delay" value="180"/></imgdir><imgdir name="1"><canvas name="body" width="77" height="48"><vector name="origin" x="30" y="64"/><int name="delay" value="180"/><imgdir name="map"><vector name="neck" x="1" y="-63"/><vector name="navel" x="-4" y="-55"/></imgdir><string name="z" value="body"/><string name="group" value="skin"/></canvas><short name="face" value="1"/><int name="delay" value="180"/></imgdir><imgdir name="2"><canvas name="body" width="96" height="48"><vector name="origin" x="30" y="64"/><string name="z" value="body"/><int name="delay" value="180"/><imgdir name="map"><vector name="neck" x="1" y="-63"/><vector name="navel" x="-4" y="-53"/></imgdir><string name="group" value="skin"/></canvas><short name="face" value="1"/><int name="delay" value="180"/></imgdir><imgdir name="3"><canvas name="body" width="98" height="48"><vector name="origin" x="30" y="64"/><int name="delay" value="180"/><imgdir name="map"><vector name="neck" x="1" y="-63"/><vector name="navel" x="-4" y="-53"/></imgdir><string name="z" value="body"/><string name="group" value="skin"/></canvas><short name="face" value="1"/><int name="delay" value="180"/></imgdir></imgdir></imgdir><imgdir name="ghoststand"><imgdir name="1"><imgdir name="0"><canvas name="body" width="31" height="27"><vector name="origin" x="18" y="32"/><int name="delay" value="180"/><imgdir name="map"><vector name="neck" x="-1" y="-28"/><vector name="navel" x="-8" y="-21"/></imgdir><string name="z" value="body"/><string name="group" value="skin"/></canvas><short name="face" value="1"/><int name="delay" value="500"/></imgdir><imgdir name="1"><canvas name="body" width="32" height="27"><vector name="origin" x="18" y="31"/><int name="delay" value="180"/><imgdir name="map"><vector name="neck" x="-1" y="-28"/><vector name="navel" x="-7" y="-19"/></imgdir><string name="z" value="body"/><string name="group" value="skin"/></canvas><short name="face" value="1"/><int name="delay" value="500"/></imgdir><imgdir name="2"><canvas name="body" width="32" height="27"><vector name="origin" x="18" y="31"/><int name="delay" value="180"/><imgdir name="map"><vector name="neck" x="-1" y="-28"/><vector name="navel" x="-6" y="-19"/></imgdir><string name="z" value="body"/><string name="group" value="skin"/></canvas><short name="face" value="1"/><int name="delay" value="500"/></imgdir></imgdir><imgdir name="2"><imgdir name="0"><canvas name="body" width="66" height="48"><vector name="origin" x="30" y="64"/><int name="delay" value="180"/><imgdir name="map"><vector name="neck" x="1" y="-63"/><vector name="navel" x="-4" y="-55"/></imgdir><string name="z" value="body"/><string name="group" value="skin"/></canvas><short name="face" value="1"/><int name="delay" value="500"/></imgdir><imgdir name="1"><canvas name="body" width="77" height="48"><vector name="origin" x="30" y="64"/><int name="delay" value="180"/><imgdir name="map"><vector name="neck" x="1" y="-63"/><vector name="navel" x="-4" y="-55"/></imgdir><string name="z" value="body"/><string name="group" value="skin"/></canvas><short name="face" value="1"/><int name="delay" value="500"/></imgdir><imgdir name="2"><canvas name="body" width="96" height="48"><vector name="origin" x="30" y="64"/><string name="z" value="body"/><int name="delay" value="180"/><imgdir name="map"><vector name="neck" x="1" y="-63"/><vector name="navel" x="-4" y="-53"/></imgdir><string name="group" value="skin"/></canvas><short name="face" value="1"/><int name="delay" value="500"/></imgdir></imgdir></imgdir><imgdir name="ghostjump"><imgdir name="1"><imgdir name="0"><canvas name="body" width="28" height="30"><vector name="origin" x="21" y="33"/><imgdir name="map"><vector name="neck" x="-4" y="-30"/><vector name="navel" x="-8" y="-21"/></imgdir><string name="z" value="body"/><string name="group" value="skin"/></canvas><short name="face" value="1"/><int name="delay" value="200"/></imgdir></imgdir><imgdir name="2"><imgdir name="0"><canvas name="body" width="98" height="48"><vector name="origin" x="30" y="64"/><int name="delay" value="180"/><imgdir name="map"><vector name="neck" x="1" y="-63"/><vector name="navel" x="-4" y="-53"/></imgdir><string name="z" value="body"/><string name="group" value="skin"/></canvas><short name="face" value="1"/><int name="delay" value="200"/></imgdir></imgdir></imgdir><imgdir name="ghostproneStab"><imgdir name="1"><imgdir name="0"><canvas name="body" width="58" height="15"><vector name="origin" x="47" y="15"/><imgdir name="map"><vector name="neck" x="-23" y="-4"/><vector name="navel" x="-7" y="-3"/></imgdir><string name="z" value="body"/><string name="group" value="skin"/></canvas><canvas name="arm" width="18" height="8"><vector name="origin" x="7" y="4"/><string name="z" value="armOverHair"/><imgdir name="map"><vector name="navel" x="5" y="1"/><vector name="hand" x="-3" y="1"/></imgdir><string name="group" value="skin"/></canvas><short name="face" value="1"/><int name="delay" value="300"/></imgdir><imgdir name="1"><canvas name="body" width="58" height="15"><vector name="origin" x="47" y="15"/><imgdir name="map"><vector name="neck" x="-23" y="-4"/><vector name="navel" x="-7" y="-3"/></imgdir><string name="z" value="body"/><string name="group" value="skin"/></canvas><canvas name="arm" width="18" height="8"><vector name="origin" x="7" y="4"/><string name="z" value="armOverHair"/><imgdir name="map"><vector name="navel" x="5" y="1"/><vector name="hand" x="-3" y="1"/></imgdir><string name="group" value="skin"/></canvas><short name="face" value="1"/><int name="delay" value="300"/></imgdir></imgdir><imgdir name="2"><imgdir name="0"><canvas name="body" width="77" height="48"><vector name="origin" x="30" y="48"/><int name="delay" value="180"/><imgdir name="map"><vector name="neck" x="1" y="-47"/><vector name="navel" x="-4" y="-39"/></imgdir><string name="z" value="body"/><string name="group" value="skin"/></canvas><canvas name="arm" width="77" height="48"><vector name="origin" x="30" y="48"/><int name="delay" value="180"/><imgdir name="map"><vector name="neck" x="1" y="-47"/><vector name="navel" x="-4" y="-39"/></imgdir><string name="z" value="body"/><string name="group" value="skin"/></canvas><short name="face" value="1"/><int name="delay" value="300"/></imgdir><imgdir name="1"><canvas name="body" width="96" height="48"><vector name="origin" x="30" y="48"/><string name="z" value="body"/><int name="delay" value="180"/><imgdir name="map"><vector name="neck" x="1" y="-47"/><vector name="navel" x="-4" y="-37"/></imgdir><string name="group" value="skin"/></canvas><canvas name="arm" width="77" height="48"><vector name="origin" x="30" y="48"/><int name="delay" value="180"/><imgdir name="map"><vector name="neck" x="1" y="-47"/><vector name="navel" x="-4" y="-39"/></imgdir><string name="z" value="body"/><string name="group" value="skin"/></canvas><short name="face" value="1"/><int name="delay" value="300"/></imgdir></imgdir></imgdir><imgdir name="ghostladder"><imgdir name="1"><imgdir name="0"><canvas name="body" width="29" height="31"><vector name="origin" x="15" y="32"/><int name="delay" value="300"/><imgdir name="map"><vector name="neck" x="-1" y="-31"/><vector name="navel" x="2" y="-23"/><vector name="hand" x="1" y="-38"/></imgdir><string name="z" value="backBody"/><string name="group" value="skin"/></canvas><short name="face" value="0"/><int name="delay" value="250"/></imgdir><imgdir name="1"><canvas name="body" width="29" height="33"><vector name="origin" x="11" y="30"/><int name="delay" value="180"/><imgdir name="map"><vector name="neck" x="2" y="-29"/><vector name="navel" x="1" y="-20"/><vector name="hand" x="-1" y="-31"/></imgdir><string name="z" value="backBody"/><string name="group" value="skin"/></canvas><short name="face" value="0"/><int name="delay" value="250"/></imgdir></imgdir><imgdir name="2"><imgdir name="0"><canvas name="body" width="77" height="48"><vector name="origin" x="30" y="48"/><int name="delay" value="180"/><imgdir name="map"><vector name="neck" x="1" y="-47"/><vector name="navel" x="-4" y="-39"/></imgdir><string name="z" value="body"/><string name="group" value="skin"/></canvas><short name="face" value="0"/><int name="delay" value="250"/></imgdir><imgdir name="1"><canvas name="body" width="96" height="48"><vector name="origin" x="30" y="48"/><string name="z" value="body"/><int name="delay" value="180"/><imgdir name="map"><vector name="neck" x="1" y="-47"/><vector name="navel" x="-4" y="-37"/></imgdir><string name="group" value="skin"/></canvas><short name="face" value="0"/><int name="delay" value="250"/></imgdir></imgdir></imgdir><imgdir name="ghostrope"><imgdir name="1"><imgdir name="0"><canvas name="body" width="31" height="31"><vector name="origin" x="14" y="33"/><int name="delay" value="180"/><imgdir name="map"><vector name="neck" x="1" y="-32"/><vector name="navel" x="2" y="-25"/><vector name="hand" x="1" y="-40"/></imgdir><string name="z" value="backBody"/><string name="group" value="skin"/></canvas><short name="face" value="0"/><int name="delay" value="250"/></imgdir><imgdir name="1"><canvas name="body" width="29" height="35"><vector name="origin" x="13" y="31"/><int name="delay" value="180"/><imgdir name="map"><vector name="neck" x="1" y="-27"/><vector name="navel" x="1" y="-19"/><vector name="hand" x="1" y="-30"/></imgdir><string name="z" value="backBody"/><string name="group" value="skin"/></canvas><short name="face" value="0"/><int name="delay" value="250"/></imgdir></imgdir><imgdir name="2"><imgdir name="0"><canvas name="body" width="77" height="48"><vector name="origin" x="30" y="48"/><int name="delay" value="180"/><imgdir name="map"><vector name="neck" x="1" y="-47"/><vector name="navel" x="-4" y="-39"/></imgdir><string name="z" value="body"/><string name="group" value="skin"/></canvas><short name="face" value="0"/><int name="delay" value="250"/></imgdir><imgdir name="1"><canvas name="body" width="96" height="48"><vector name="origin" x="30" y="48"/><string name="z" value="body"/><int name="delay" value="180"/><imgdir name="map"><vector name="neck" x="1" y="-47"/><vector name="navel" x="-4" y="-37"/></imgdir><string name="group" value="skin"/></canvas><short name="face" value="0"/><int name="delay" value="250"/></imgdir></imgdir></imgdir><imgdir name="ghostfly"><imgdir name="1"><imgdir name="0"><canvas name="body" width="30" height="27"><vector name="origin" x="20" y="40"/><int name="delay" value="180"/><imgdir name="map"><vector name="neck" x="-4" y="-37"/><vector name="navel" x="-7" y="-26"/></imgdir><string name="z" value="body"/><string name="group" value="skin"/></canvas><short name="face" value="1"/><int name="delay" value="300"/></imgdir><imgdir name="1"><canvas name="body" width="31" height="30"><vector name="origin" x="20" y="38"/><int name="delay" value="180"/><imgdir name="map"><vector name="neck" x="-4" y="-37"/><vector name="navel" x="-6" y="-25"/></imgdir><string name="z" value="body"/><string name="group" value="skin"/></canvas><short name="face" value="1"/><int name="delay" value="300"/></imgdir></imgdir><imgdir name="2"><imgdir name="0"><canvas name="body" width="77" height="48"><vector name="origin" x="30" y="48"/><int name="delay" value="180"/><imgdir name="map"><vector name="neck" x="1" y="-47"/><vector name="navel" x="-4" y="-39"/></imgdir><string name="z" value="body"/><string name="group" value="skin"/></canvas><short name="face" value="1"/><int name="delay" value="300"/></imgdir><imgdir name="1"><canvas name="body" width="96" height="48"><vector name="origin" x="30" y="48"/><string name="z" value="body"/><int name="delay" value="180"/><imgdir name="map"><vector name="neck" x="1" y="-47"/><vector name="navel" x="-4" y="-37"/></imgdir><string name="group" value="skin"/></canvas><short name="face" value="1"/><int name="delay" value="300"/></imgdir></imgdir></imgdir><imgdir name="ghostsit"><imgdir name="1"><imgdir name="0"><canvas name="0" width="27" height="23"><vector name="origin" x="18" y="31"/><imgdir name="map"><vector name="neck" x="-1" y="-28"/><vector name="navel" x="-4" y="-17"/></imgdir><string name="z" value="body"/><string name="group" value="skin"/></canvas><short name="face" value="1"/></imgdir></imgdir><imgdir name="2"><imgdir name="0"><canvas name="body" width="77" height="48"><vector name="origin" x="30" y="48"/><int name="delay" value="180"/><imgdir name="map"><vector name="neck" x="1" y="-47"/><vector name="navel" x="-4" y="-39"/></imgdir><string name="z" value="body"/><string name="group" value="skin"/></canvas><short name="face" value="1"/></imgdir></imgdir></imgdir></imgdir>