<?xml version="1.0" encoding="UTF-8" standalone="yes"?><imgdir name="axe.img"><imgdir name="0"><imgdir name="swingT1"><imgdir name="2"><canvas name="0" width="126" height="101"><vector name="origin" x="108" y="100"/><int name="delay" value="200"/><int name="a1" value="0"/></canvas></imgdir><vector name="lt" x="-99" y="-90"/><vector name="rb" x="-51" y="18"/></imgdir><imgdir name="swingT2"><imgdir name="2"><canvas name="0" width="111" height="93"><vector name="origin" x="93" y="88"/><int name="delay" value="200"/><int name="a1" value="0"/></canvas></imgdir><vector name="lt" x="-84" y="-79"/><vector name="rb" x="-35" y="14"/></imgdir><imgdir name="swingT3"><imgdir name="2"><canvas name="0" width="110" height="117"><vector name="origin" x="95" y="82"/><int name="delay" value="200"/><int name="a1" value="0"/></canvas></imgdir><vector name="lt" x="-85" y="-81"/><vector name="rb" x="0" y="26"/></imgdir><imgdir name="swingTF"><imgdir name="3"><canvas name="0" width="112" height="129"><vector name="origin" x="123" y="111"/><int name="delay" value="200"/><int name="a1" value="0"/></canvas></imgdir><vector name="lt" x="-114" y="-102"/><vector name="rb" x="-56" y="17"/></imgdir><imgdir name="stabO1"><imgdir name="1"><canvas name="0" width="73" height="35"><vector name="origin" x="70" y="40"/><int name="delay" value="30"/></canvas><canvas name="1" width="73" height="35"><vector name="origin" x="92" y="40"/><int name="delay" value="200"/><int name="a1" value="0"/></canvas></imgdir><vector name="lt" x="-90" y="-36"/><vector name="rb" x="-9" y="-6"/></imgdir><imgdir name="stabO2"><imgdir name="1"><canvas name="0" width="73" height="35"><vector name="origin" x="69" y="40"/><int name="delay" value="30"/></canvas><canvas name="1" width="73" height="35"><vector name="origin" x="89" y="40"/><int name="delay" value="200"/><int name="a1" value="0"/></canvas></imgdir><vector name="lt" x="-90" y="-36"/><vector name="rb" x="-9" y="-6"/></imgdir><imgdir name="stabOF"><imgdir name="2"><canvas name="0" width="82" height="44"><vector name="origin" x="94" y="43"/><int name="delay" value="30"/></canvas><canvas name="1" width="73" height="35"><vector name="origin" x="118" y="39"/><int name="delay" value="200"/><int name="a1" value="0"/></canvas></imgdir><vector name="lt" x="-116" y="-35"/><vector name="rb" x="-26" y="-4"/></imgdir><imgdir name="proneStab"><imgdir name="1"><canvas name="0" width="73" height="35"><vector name="origin" x="57" y="22"/><int name="delay" value="30"/></canvas><canvas name="1" width="73" height="35"><vector name="origin" x="86" y="22"/><int name="delay" value="200"/><int name="a1" value="0"/></canvas></imgdir><vector name="lt" x="-86" y="-18"/><vector name="rb" x="0" y="10"/></imgdir></imgdir><imgdir name="1"><imgdir name="swingT1"><imgdir name="2"><canvas name="0" width="126" height="101"><vector name="origin" x="108" y="100"/><int name="delay" value="200"/><int name="a1" value="0"/></canvas></imgdir><vector name="lt" x="-99" y="-90"/><vector name="rb" x="-51" y="18"/></imgdir><imgdir name="swingT2"><imgdir name="2"><canvas name="0" width="111" height="93"><vector name="origin" x="93" y="88"/><int name="delay" value="200"/><int name="a1" value="0"/></canvas></imgdir><vector name="lt" x="-84" y="-79"/><vector name="rb" x="-35" y="14"/></imgdir><imgdir name="swingT3"><imgdir name="2"><canvas name="0" width="110" height="117"><vector name="origin" x="95" y="82"/><int name="delay" value="200"/><int name="a1" value="0"/></canvas></imgdir><vector name="lt" x="-85" y="-81"/><vector name="rb" x="0" y="26"/></imgdir><imgdir name="swingTF"><imgdir name="3"><canvas name="0" width="112" height="129"><vector name="origin" x="123" y="111"/><int name="delay" value="200"/><int name="a1" value="0"/></canvas></imgdir><vector name="lt" x="-114" y="-102"/><vector name="rb" x="-56" y="17"/></imgdir><imgdir name="stabO1"><imgdir name="1"><canvas name="0" width="73" height="35"><vector name="origin" x="70" y="40"/><int name="delay" value="30"/></canvas><canvas name="1" width="73" height="35"><vector name="origin" x="92" y="40"/><int name="delay" value="200"/><int name="a1" value="0"/></canvas></imgdir><vector name="lt" x="-90" y="-36"/><vector name="rb" x="-9" y="-6"/></imgdir><imgdir name="stabO2"><imgdir name="1"><canvas name="0" width="73" height="35"><vector name="origin" x="69" y="40"/><int name="delay" value="30"/></canvas><canvas name="1" width="73" height="35"><vector name="origin" x="89" y="40"/><int name="delay" value="200"/><int name="a1" value="0"/></canvas></imgdir><vector name="lt" x="-90" y="-36"/><vector name="rb" x="-9" y="-6"/></imgdir><imgdir name="stabOF"><imgdir name="2"><canvas name="0" width="82" height="44"><vector name="origin" x="94" y="43"/><int name="delay" value="30"/></canvas><canvas name="1" width="73" height="35"><vector name="origin" x="118" y="39"/><int name="delay" value="200"/><int name="a1" value="0"/></canvas></imgdir><vector name="lt" x="-116" y="-35"/><vector name="rb" x="-26" y="-4"/></imgdir><imgdir name="proneStab"><imgdir name="1"><canvas name="0" width="73" height="35"><vector name="origin" x="57" y="22"/><int name="delay" value="30"/></canvas><canvas name="1" width="73" height="35"><vector name="origin" x="86" y="22"/><int name="delay" value="200"/><int name="a1" value="0"/></canvas></imgdir><vector name="lt" x="-86" y="-18"/><vector name="rb" x="0" y="10"/></imgdir></imgdir><imgdir name="2"><imgdir name="swingT1"><imgdir name="2"><canvas name="0" width="126" height="101"><vector name="origin" x="108" y="100"/><int name="delay" value="200"/><int name="a1" value="0"/></canvas></imgdir><vector name="lt" x="-99" y="-90"/><vector name="rb" x="-51" y="18"/></imgdir><imgdir name="swingT2"><imgdir name="2"><canvas name="0" width="111" height="93"><vector name="origin" x="93" y="88"/><int name="delay" value="200"/><int name="a1" value="0"/></canvas></imgdir><vector name="lt" x="-84" y="-79"/><vector name="rb" x="-35" y="14"/></imgdir><imgdir name="swingT3"><imgdir name="2"><canvas name="0" width="110" height="117"><vector name="origin" x="95" y="82"/><int name="delay" value="200"/><int name="a1" value="0"/></canvas></imgdir><vector name="lt" x="-85" y="-81"/><vector name="rb" x="0" y="26"/></imgdir><imgdir name="swingTF"><imgdir name="3"><canvas name="0" width="112" height="129"><vector name="origin" x="123" y="111"/><int name="delay" value="200"/><int name="a1" value="0"/></canvas></imgdir><vector name="lt" x="-114" y="-102"/><vector name="rb" x="-56" y="17"/></imgdir><imgdir name="stabO1"><imgdir name="1"><canvas name="0" width="73" height="35"><vector name="origin" x="70" y="40"/><int name="delay" value="30"/></canvas><canvas name="1" width="73" height="35"><vector name="origin" x="92" y="40"/><int name="delay" value="200"/><int name="a1" value="0"/></canvas></imgdir><vector name="lt" x="-90" y="-36"/><vector name="rb" x="-9" y="-6"/></imgdir><imgdir name="stabO2"><imgdir name="1"><canvas name="0" width="73" height="35"><vector name="origin" x="69" y="40"/><int name="delay" value="30"/></canvas><canvas name="1" width="73" height="35"><vector name="origin" x="89" y="40"/><int name="delay" value="200"/><int name="a1" value="0"/></canvas></imgdir><vector name="lt" x="-90" y="-36"/><vector name="rb" x="-9" y="-6"/></imgdir><imgdir name="stabOF"><imgdir name="2"><canvas name="0" width="82" height="44"><vector name="origin" x="94" y="43"/><int name="delay" value="30"/></canvas><canvas name="1" width="73" height="35"><vector name="origin" x="118" y="39"/><int name="delay" value="200"/><int name="a1" value="0"/></canvas></imgdir><vector name="lt" x="-116" y="-35"/><vector name="rb" x="-26" y="-4"/></imgdir><imgdir name="proneStab"><imgdir name="1"><canvas name="0" width="73" height="35"><vector name="origin" x="57" y="22"/><int name="delay" value="30"/></canvas><canvas name="1" width="73" height="35"><vector name="origin" x="86" y="22"/><int name="delay" value="200"/><int name="a1" value="0"/></canvas></imgdir><vector name="lt" x="-86" y="-18"/><vector name="rb" x="0" y="10"/></imgdir></imgdir><imgdir name="3"><imgdir name="swingT1"><imgdir name="2"><canvas name="0" width="126" height="101"><vector name="origin" x="108" y="100"/><int name="delay" value="200"/><int name="a1" value="0"/></canvas></imgdir><vector name="lt" x="-99" y="-90"/><vector name="rb" x="-51" y="18"/></imgdir><imgdir name="swingT2"><imgdir name="2"><canvas name="0" width="111" height="93"><vector name="origin" x="93" y="88"/><int name="delay" value="200"/><int name="a1" value="0"/></canvas></imgdir><vector name="lt" x="-84" y="-79"/><vector name="rb" x="-35" y="14"/></imgdir><imgdir name="swingT3"><imgdir name="2"><canvas name="0" width="110" height="117"><vector name="origin" x="95" y="82"/><int name="delay" value="200"/><int name="a1" value="0"/></canvas></imgdir><vector name="lt" x="-85" y="-81"/><vector name="rb" x="0" y="26"/></imgdir><imgdir name="swingTF"><imgdir name="3"><canvas name="0" width="112" height="129"><vector name="origin" x="123" y="111"/><int name="delay" value="200"/><int name="a1" value="0"/></canvas></imgdir><vector name="lt" x="-114" y="-102"/><vector name="rb" x="-56" y="17"/></imgdir><imgdir name="stabO1"><imgdir name="1"><canvas name="0" width="73" height="35"><vector name="origin" x="70" y="40"/><int name="delay" value="30"/></canvas><canvas name="1" width="73" height="35"><vector name="origin" x="92" y="40"/><int name="delay" value="200"/><int name="a1" value="0"/></canvas></imgdir><vector name="lt" x="-90" y="-36"/><vector name="rb" x="-9" y="-6"/></imgdir><imgdir name="stabO2"><imgdir name="1"><canvas name="0" width="73" height="35"><vector name="origin" x="69" y="40"/><int name="delay" value="30"/></canvas><canvas name="1" width="73" height="35"><vector name="origin" x="89" y="40"/><int name="delay" value="200"/><int name="a1" value="0"/></canvas></imgdir><vector name="lt" x="-90" y="-36"/><vector name="rb" x="-9" y="-6"/></imgdir><imgdir name="stabOF"><imgdir name="2"><canvas name="0" width="82" height="44"><vector name="origin" x="94" y="43"/><int name="delay" value="30"/></canvas><canvas name="1" width="73" height="35"><vector name="origin" x="118" y="39"/><int name="delay" value="200"/><int name="a1" value="0"/></canvas></imgdir><vector name="lt" x="-116" y="-35"/><vector name="rb" x="-26" y="-4"/></imgdir><imgdir name="proneStab"><imgdir name="1"><canvas name="0" width="73" height="35"><vector name="origin" x="57" y="22"/><int name="delay" value="30"/></canvas><canvas name="1" width="73" height="35"><vector name="origin" x="86" y="22"/><int name="delay" value="200"/><int name="a1" value="0"/></canvas></imgdir><vector name="lt" x="-86" y="-18"/><vector name="rb" x="0" y="10"/></imgdir></imgdir><imgdir name="4"><imgdir name="swingT1"><imgdir name="2"><canvas name="0" width="126" height="101"><vector name="origin" x="108" y="100"/><int name="delay" value="200"/><int name="a1" value="0"/></canvas></imgdir><vector name="lt" x="-99" y="-90"/><vector name="rb" x="-51" y="18"/></imgdir><imgdir name="swingT2"><imgdir name="2"><canvas name="0" width="111" height="93"><vector name="origin" x="93" y="88"/><int name="delay" value="200"/><int name="a1" value="0"/></canvas></imgdir><vector name="lt" x="-84" y="-79"/><vector name="rb" x="-35" y="14"/></imgdir><imgdir name="swingT3"><imgdir name="2"><canvas name="0" width="110" height="117"><vector name="origin" x="95" y="82"/><int name="delay" value="200"/><int name="a1" value="0"/></canvas></imgdir><vector name="lt" x="-85" y="-81"/><vector name="rb" x="0" y="26"/></imgdir><imgdir name="swingTF"><imgdir name="3"><canvas name="0" width="112" height="129"><vector name="origin" x="123" y="111"/><int name="delay" value="200"/><int name="a1" value="0"/></canvas></imgdir><vector name="lt" x="-114" y="-102"/><vector name="rb" x="-56" y="17"/></imgdir><imgdir name="stabO1"><imgdir name="1"><canvas name="0" width="73" height="35"><vector name="origin" x="70" y="40"/><int name="delay" value="30"/></canvas><canvas name="1" width="73" height="35"><vector name="origin" x="92" y="40"/><int name="delay" value="200"/><int name="a1" value="0"/></canvas></imgdir><vector name="lt" x="-90" y="-36"/><vector name="rb" x="-9" y="-6"/></imgdir><imgdir name="stabO2"><imgdir name="1"><canvas name="0" width="73" height="35"><vector name="origin" x="69" y="40"/><int name="delay" value="30"/></canvas><canvas name="1" width="73" height="35"><vector name="origin" x="89" y="40"/><int name="delay" value="200"/><int name="a1" value="0"/></canvas></imgdir><vector name="lt" x="-90" y="-36"/><vector name="rb" x="-9" y="-6"/></imgdir><imgdir name="stabOF"><imgdir name="2"><canvas name="0" width="82" height="44"><vector name="origin" x="94" y="43"/><int name="delay" value="30"/></canvas><canvas name="1" width="73" height="35"><vector name="origin" x="118" y="39"/><int name="delay" value="200"/><int name="a1" value="0"/></canvas></imgdir><vector name="lt" x="-116" y="-35"/><vector name="rb" x="-26" y="-4"/></imgdir><imgdir name="proneStab"><imgdir name="1"><canvas name="0" width="73" height="35"><vector name="origin" x="57" y="22"/><int name="delay" value="30"/></canvas><canvas name="1" width="73" height="35"><vector name="origin" x="86" y="22"/><int name="delay" value="200"/><int name="a1" value="0"/></canvas></imgdir><vector name="lt" x="-86" y="-18"/><vector name="rb" x="0" y="10"/></imgdir></imgdir><imgdir name="5"><imgdir name="swingT1"><imgdir name="2"><canvas name="0" width="126" height="101"><vector name="origin" x="108" y="100"/><int name="delay" value="200"/><int name="a1" value="0"/></canvas></imgdir><vector name="lt" x="-99" y="-90"/><vector name="rb" x="-51" y="18"/></imgdir><imgdir name="swingT2"><imgdir name="2"><canvas name="0" width="111" height="93"><vector name="origin" x="93" y="88"/><int name="delay" value="200"/><int name="a1" value="0"/></canvas></imgdir><vector name="lt" x="-84" y="-79"/><vector name="rb" x="-35" y="14"/></imgdir><imgdir name="swingT3"><imgdir name="2"><canvas name="0" width="110" height="117"><vector name="origin" x="95" y="82"/><int name="delay" value="200"/><int name="a1" value="0"/></canvas></imgdir><vector name="lt" x="-85" y="-81"/><vector name="rb" x="0" y="26"/></imgdir><imgdir name="swingTF"><imgdir name="3"><canvas name="0" width="112" height="129"><vector name="origin" x="123" y="111"/><int name="delay" value="200"/><int name="a1" value="0"/></canvas></imgdir><vector name="lt" x="-114" y="-102"/><vector name="rb" x="-56" y="17"/></imgdir><imgdir name="stabO1"><imgdir name="1"><canvas name="0" width="73" height="35"><vector name="origin" x="70" y="40"/><int name="delay" value="30"/></canvas><canvas name="1" width="73" height="35"><vector name="origin" x="92" y="40"/><int name="delay" value="200"/><int name="a1" value="0"/></canvas></imgdir><vector name="lt" x="-90" y="-36"/><vector name="rb" x="-9" y="-6"/></imgdir><imgdir name="stabO2"><imgdir name="1"><canvas name="0" width="73" height="35"><vector name="origin" x="69" y="40"/><int name="delay" value="30"/></canvas><canvas name="1" width="73" height="35"><vector name="origin" x="89" y="40"/><int name="delay" value="200"/><int name="a1" value="0"/></canvas></imgdir><vector name="lt" x="-90" y="-36"/><vector name="rb" x="-9" y="-6"/></imgdir><imgdir name="stabOF"><imgdir name="2"><canvas name="0" width="82" height="44"><vector name="origin" x="94" y="43"/><int name="delay" value="30"/></canvas><canvas name="1" width="73" height="35"><vector name="origin" x="118" y="39"/><int name="delay" value="200"/><int name="a1" value="0"/></canvas></imgdir><vector name="lt" x="-116" y="-35"/><vector name="rb" x="-26" y="-4"/></imgdir><imgdir name="proneStab"><imgdir name="1"><canvas name="0" width="73" height="35"><vector name="origin" x="57" y="22"/><int name="delay" value="30"/></canvas><canvas name="1" width="73" height="35"><vector name="origin" x="86" y="22"/><int name="delay" value="200"/><int name="a1" value="0"/></canvas></imgdir><vector name="lt" x="-86" y="-18"/><vector name="rb" x="0" y="10"/></imgdir></imgdir><imgdir name="6"><imgdir name="swingT1"><imgdir name="2"><canvas name="0" width="126" height="101"><vector name="origin" x="108" y="100"/><int name="delay" value="200"/><int name="a1" value="0"/></canvas></imgdir><vector name="lt" x="-99" y="-90"/><vector name="rb" x="-51" y="18"/></imgdir><imgdir name="swingT2"><imgdir name="2"><canvas name="0" width="111" height="93"><vector name="origin" x="93" y="88"/><int name="delay" value="200"/><int name="a1" value="0"/></canvas></imgdir><vector name="lt" x="-84" y="-79"/><vector name="rb" x="-35" y="14"/></imgdir><imgdir name="swingT3"><imgdir name="2"><canvas name="0" width="110" height="117"><vector name="origin" x="95" y="82"/><int name="delay" value="200"/><int name="a1" value="0"/></canvas></imgdir><vector name="lt" x="-85" y="-81"/><vector name="rb" x="0" y="26"/></imgdir><imgdir name="swingTF"><imgdir name="3"><canvas name="0" width="112" height="129"><vector name="origin" x="123" y="111"/><int name="delay" value="200"/><int name="a1" value="0"/></canvas></imgdir><vector name="lt" x="-114" y="-102"/><vector name="rb" x="-56" y="17"/></imgdir><imgdir name="stabO1"><imgdir name="1"><canvas name="0" width="73" height="35"><vector name="origin" x="70" y="40"/><int name="delay" value="30"/></canvas><canvas name="1" width="73" height="35"><vector name="origin" x="92" y="40"/><int name="delay" value="200"/><int name="a1" value="0"/></canvas></imgdir><vector name="lt" x="-90" y="-36"/><vector name="rb" x="-9" y="-6"/></imgdir><imgdir name="stabO2"><imgdir name="1"><canvas name="0" width="73" height="35"><vector name="origin" x="69" y="40"/><int name="delay" value="30"/></canvas><canvas name="1" width="73" height="35"><vector name="origin" x="89" y="40"/><int name="delay" value="200"/><int name="a1" value="0"/></canvas></imgdir><vector name="lt" x="-90" y="-36"/><vector name="rb" x="-9" y="-6"/></imgdir><imgdir name="stabOF"><imgdir name="2"><canvas name="0" width="82" height="44"><vector name="origin" x="94" y="43"/><int name="delay" value="30"/></canvas><canvas name="1" width="73" height="35"><vector name="origin" x="118" y="39"/><int name="delay" value="200"/><int name="a1" value="0"/></canvas></imgdir><vector name="lt" x="-116" y="-35"/><vector name="rb" x="-26" y="-4"/></imgdir><imgdir name="proneStab"><imgdir name="1"><canvas name="0" width="73" height="35"><vector name="origin" x="57" y="22"/><int name="delay" value="30"/></canvas><canvas name="1" width="73" height="35"><vector name="origin" x="86" y="22"/><int name="delay" value="200"/><int name="a1" value="0"/></canvas></imgdir><vector name="lt" x="-86" y="-18"/><vector name="rb" x="0" y="10"/></imgdir></imgdir><imgdir name="7"><imgdir name="swingT1"><imgdir name="2"><canvas name="0" width="126" height="101"><vector name="origin" x="108" y="100"/><int name="delay" value="200"/><int name="a1" value="0"/></canvas></imgdir><vector name="lt" x="-99" y="-90"/><vector name="rb" x="-51" y="18"/></imgdir><imgdir name="swingT2"><imgdir name="2"><canvas name="0" width="111" height="93"><vector name="origin" x="93" y="88"/><int name="delay" value="200"/><int name="a1" value="0"/></canvas></imgdir><vector name="lt" x="-84" y="-79"/><vector name="rb" x="-35" y="14"/></imgdir><imgdir name="swingT3"><imgdir name="2"><canvas name="0" width="110" height="117"><vector name="origin" x="95" y="82"/><int name="delay" value="200"/><int name="a1" value="0"/></canvas></imgdir><vector name="lt" x="-85" y="-81"/><vector name="rb" x="0" y="26"/></imgdir><imgdir name="swingTF"><imgdir name="3"><canvas name="0" width="112" height="129"><vector name="origin" x="123" y="111"/><int name="delay" value="200"/><int name="a1" value="0"/></canvas></imgdir><vector name="lt" x="-114" y="-102"/><vector name="rb" x="-56" y="17"/></imgdir><imgdir name="stabO1"><imgdir name="1"><canvas name="0" width="73" height="35"><vector name="origin" x="70" y="40"/><int name="delay" value="30"/></canvas><canvas name="1" width="73" height="35"><vector name="origin" x="92" y="40"/><int name="delay" value="200"/><int name="a1" value="0"/></canvas></imgdir><vector name="lt" x="-90" y="-36"/><vector name="rb" x="-9" y="-6"/></imgdir><imgdir name="stabO2"><imgdir name="1"><canvas name="0" width="73" height="35"><vector name="origin" x="69" y="40"/><int name="delay" value="30"/></canvas><canvas name="1" width="73" height="35"><vector name="origin" x="89" y="40"/><int name="delay" value="200"/><int name="a1" value="0"/></canvas></imgdir><vector name="lt" x="-90" y="-36"/><vector name="rb" x="-9" y="-6"/></imgdir><imgdir name="stabOF"><imgdir name="2"><canvas name="0" width="82" height="44"><vector name="origin" x="94" y="43"/><int name="delay" value="30"/></canvas><canvas name="1" width="73" height="35"><vector name="origin" x="118" y="39"/><int name="delay" value="200"/><int name="a1" value="0"/></canvas></imgdir><vector name="lt" x="-116" y="-35"/><vector name="rb" x="-26" y="-4"/></imgdir><imgdir name="proneStab"><imgdir name="1"><canvas name="0" width="73" height="35"><vector name="origin" x="57" y="22"/><int name="delay" value="30"/></canvas><canvas name="1" width="73" height="35"><vector name="origin" x="86" y="22"/><int name="delay" value="200"/><int name="a1" value="0"/></canvas></imgdir><vector name="lt" x="-86" y="-18"/><vector name="rb" x="0" y="10"/></imgdir></imgdir><imgdir name="8"><imgdir name="swingT1"><imgdir name="2"><canvas name="0" width="126" height="101"><vector name="origin" x="108" y="100"/><int name="delay" value="200"/><int name="a1" value="0"/></canvas></imgdir><vector name="lt" x="-99" y="-90"/><vector name="rb" x="-51" y="18"/></imgdir><imgdir name="swingT2"><imgdir name="2"><canvas name="0" width="111" height="93"><vector name="origin" x="93" y="88"/><int name="delay" value="200"/><int name="a1" value="0"/></canvas></imgdir><vector name="lt" x="-84" y="-79"/><vector name="rb" x="-35" y="14"/></imgdir><imgdir name="swingT3"><imgdir name="2"><canvas name="0" width="110" height="117"><vector name="origin" x="95" y="82"/><int name="delay" value="200"/><int name="a1" value="0"/></canvas></imgdir><vector name="lt" x="-85" y="-81"/><vector name="rb" x="0" y="26"/></imgdir><imgdir name="swingTF"><imgdir name="3"><canvas name="0" width="112" height="129"><vector name="origin" x="123" y="111"/><int name="delay" value="200"/><int name="a1" value="0"/></canvas></imgdir><vector name="lt" x="-114" y="-102"/><vector name="rb" x="-56" y="17"/></imgdir><imgdir name="stabO1"><imgdir name="1"><canvas name="0" width="73" height="35"><vector name="origin" x="70" y="40"/><int name="delay" value="30"/></canvas><canvas name="1" width="73" height="35"><vector name="origin" x="92" y="40"/><int name="delay" value="200"/><int name="a1" value="0"/></canvas></imgdir><vector name="lt" x="-90" y="-36"/><vector name="rb" x="-9" y="-6"/></imgdir><imgdir name="stabO2"><imgdir name="1"><canvas name="0" width="73" height="35"><vector name="origin" x="69" y="40"/><int name="delay" value="30"/></canvas><canvas name="1" width="73" height="35"><vector name="origin" x="89" y="40"/><int name="delay" value="200"/><int name="a1" value="0"/></canvas></imgdir><vector name="lt" x="-90" y="-36"/><vector name="rb" x="-9" y="-6"/></imgdir><imgdir name="stabOF"><imgdir name="2"><canvas name="0" width="82" height="44"><vector name="origin" x="94" y="43"/><int name="delay" value="30"/></canvas><canvas name="1" width="73" height="35"><vector name="origin" x="118" y="39"/><int name="delay" value="200"/><int name="a1" value="0"/></canvas></imgdir><vector name="lt" x="-116" y="-35"/><vector name="rb" x="-26" y="-4"/></imgdir><imgdir name="proneStab"><imgdir name="1"><canvas name="0" width="73" height="35"><vector name="origin" x="57" y="22"/><int name="delay" value="30"/></canvas><canvas name="1" width="73" height="35"><vector name="origin" x="86" y="22"/><int name="delay" value="200"/><int name="a1" value="0"/></canvas></imgdir><vector name="lt" x="-86" y="-18"/><vector name="rb" x="0" y="10"/></imgdir></imgdir><imgdir name="9"><imgdir name="swingT1"><imgdir name="2"><canvas name="0" width="126" height="101"><vector name="origin" x="108" y="100"/><int name="delay" value="200"/><int name="a1" value="0"/></canvas></imgdir><vector name="lt" x="-99" y="-90"/><vector name="rb" x="-51" y="18"/></imgdir><imgdir name="swingT2"><imgdir name="2"><canvas name="0" width="111" height="93"><vector name="origin" x="93" y="88"/><int name="delay" value="200"/><int name="a1" value="0"/></canvas></imgdir><vector name="lt" x="-84" y="-79"/><vector name="rb" x="-35" y="14"/></imgdir><imgdir name="swingT3"><imgdir name="2"><canvas name="0" width="110" height="117"><vector name="origin" x="95" y="82"/><int name="delay" value="200"/><int name="a1" value="0"/></canvas></imgdir><vector name="lt" x="-85" y="-81"/><vector name="rb" x="0" y="26"/></imgdir><imgdir name="swingTF"><imgdir name="3"><canvas name="0" width="112" height="129"><vector name="origin" x="123" y="111"/><int name="delay" value="200"/><int name="a1" value="0"/></canvas></imgdir><vector name="lt" x="-114" y="-102"/><vector name="rb" x="-56" y="17"/></imgdir><imgdir name="stabO1"><imgdir name="1"><canvas name="0" width="73" height="35"><vector name="origin" x="70" y="40"/><int name="delay" value="30"/></canvas><canvas name="1" width="73" height="35"><vector name="origin" x="92" y="40"/><int name="delay" value="200"/><int name="a1" value="0"/></canvas></imgdir><vector name="lt" x="-90" y="-36"/><vector name="rb" x="-9" y="-6"/></imgdir><imgdir name="stabO2"><imgdir name="1"><canvas name="0" width="73" height="35"><vector name="origin" x="69" y="40"/><int name="delay" value="30"/></canvas><canvas name="1" width="73" height="35"><vector name="origin" x="89" y="40"/><int name="delay" value="200"/><int name="a1" value="0"/></canvas></imgdir><vector name="lt" x="-90" y="-36"/><vector name="rb" x="-9" y="-6"/></imgdir><imgdir name="stabOF"><imgdir name="2"><canvas name="0" width="82" height="44"><vector name="origin" x="94" y="43"/><int name="delay" value="30"/></canvas><canvas name="1" width="73" height="35"><vector name="origin" x="118" y="39"/><int name="delay" value="200"/><int name="a1" value="0"/></canvas></imgdir><vector name="lt" x="-116" y="-35"/><vector name="rb" x="-26" y="-4"/></imgdir><imgdir name="proneStab"><imgdir name="1"><canvas name="0" width="73" height="35"><vector name="origin" x="57" y="22"/><int name="delay" value="30"/></canvas><canvas name="1" width="73" height="35"><vector name="origin" x="86" y="22"/><int name="delay" value="200"/><int name="a1" value="0"/></canvas></imgdir><vector name="lt" x="-86" y="-18"/><vector name="rb" x="0" y="10"/></imgdir></imgdir><imgdir name="10"><imgdir name="swingT1"><imgdir name="2"><canvas name="0" width="131" height="130"><vector name="origin" x="131" y="105"/><int name="delay" value="200"/><int name="a1" value="0"/></canvas></imgdir><vector name="lt" x="-110" y="-90"/><vector name="rb" x="-51" y="18"/></imgdir><imgdir name="swingT2"><imgdir name="2"><canvas name="0" width="128" height="105"><vector name="origin" x="109" y="90"/><int name="delay" value="200"/><int name="a1" value="0"/></canvas></imgdir><vector name="lt" x="-89" y="-79"/><vector name="rb" x="-35" y="14"/></imgdir><imgdir name="swingT3"><imgdir name="2"><canvas name="0" width="128" height="105"><vector name="origin" x="110" y="69"/><int name="delay" value="200"/><int name="a1" value="0"/></canvas></imgdir><vector name="lt" x="-91" y="-81"/><vector name="rb" x="0" y="26"/></imgdir><imgdir name="swingTF"><imgdir name="3"><canvas name="0" width="131" height="130"><vector name="origin" x="140" y="110"/><int name="delay" value="200"/><int name="a1" value="0"/></canvas></imgdir><vector name="lt" x="-121" y="-102"/><vector name="rb" x="-56" y="17"/></imgdir><imgdir name="stabO1"><imgdir name="1"><canvas name="0" width="103" height="54"><vector name="origin" x="70" y="48"/><int name="delay" value="30"/></canvas><canvas name="1" width="103" height="54"><vector name="origin" x="95" y="48"/><int name="delay" value="200"/><int name="a1" value="0"/></canvas></imgdir><vector name="lt" x="-90" y="-36"/><vector name="rb" x="-9" y="-6"/></imgdir><imgdir name="stabO2"><imgdir name="1"><canvas name="0" width="103" height="54"><vector name="origin" x="69" y="49"/><int name="delay" value="30"/></canvas><canvas name="1" width="103" height="54"><vector name="origin" x="97" y="49"/><int name="delay" value="200"/><int name="a1" value="0"/></canvas></imgdir><vector name="lt" x="-90" y="-36"/><vector name="rb" x="-9" y="-6"/></imgdir><imgdir name="stabOF"><imgdir name="2"><canvas name="0" width="118" height="53"><vector name="origin" x="97" y="47"/><int name="delay" value="30"/></canvas><canvas name="1" width="103" height="54"><vector name="origin" x="124" y="47"/><int name="delay" value="200"/><int name="a1" value="0"/></canvas></imgdir><vector name="lt" x="-116" y="-35"/><vector name="rb" x="-26" y="-4"/></imgdir><imgdir name="proneStab"><imgdir name="1"><canvas name="0" width="103" height="54"><vector name="origin" x="57" y="31"/><int name="delay" value="30"/></canvas><canvas name="1" width="103" height="54"><vector name="origin" x="86" y="31"/><int name="delay" value="200"/><int name="a1" value="0"/></canvas></imgdir><vector name="lt" x="-86" y="-18"/><vector name="rb" x="0" y="10"/></imgdir></imgdir><imgdir name="charge"><imgdir name="1"><imgdir name="swingT1"><imgdir name="2"><canvas name="0" width="108" height="87"><vector name="origin" x="101" y="89"/><int name="delay" value="300"/><int name="a1" value="0"/></canvas></imgdir><vector name="lt" x="-100" y="-95"/><vector name="rb" x="-47" y="2"/></imgdir><imgdir name="swingT2"><imgdir name="2"><canvas name="0" width="112" height="87"><vector name="origin" x="101" y="88"/><int name="delay" value="300"/><int name="a1" value="0"/></canvas></imgdir><vector name="lt" x="-86" y="-87"/><vector name="rb" x="-31" y="-8"/></imgdir><imgdir name="swingT3"><imgdir name="2"><canvas name="0" width="121" height="88"><vector name="origin" x="109" y="69"/><int name="delay" value="300"/><int name="a1" value="0"/></canvas></imgdir><vector name="lt" x="-87" y="-83"/><vector name="rb" x="-28" y="24"/></imgdir><imgdir name="swingTF"><imgdir name="3"><canvas name="0" width="113" height="88"><vector name="origin" x="115" y="88"/><int name="delay" value="300"/><int name="a1" value="0"/></canvas></imgdir><vector name="lt" x="-116" y="-106"/><vector name="rb" x="-55" y="10"/></imgdir><imgdir name="stabO1"><imgdir name="1"><canvas name="0" width="74" height="45"><vector name="origin" x="86" y="46"/><int name="delay" value="50"/></canvas><canvas name="1" width="74" height="45"><vector name="origin" x="112" y="46"/><int name="delay" value="300"/><int name="a1" value="0"/></canvas></imgdir><vector name="lt" x="-110" y="-32"/><vector name="rb" x="-16" y="-10"/></imgdir><imgdir name="stabO2"><imgdir name="1"><canvas name="0" width="74" height="45"><vector name="origin" x="98" y="46"/><int name="delay" value="50"/></canvas><canvas name="1" width="74" height="45"><vector name="origin" x="131" y="46"/><int name="delay" value="300"/><int name="a1" value="0"/></canvas></imgdir><vector name="lt" x="-127" y="-32"/><vector name="rb" x="-44" y="-10"/></imgdir><imgdir name="stabOF"><imgdir name="2"><canvas name="0" width="98" height="64"><vector name="origin" x="110" y="53"/><int name="delay" value="50"/></canvas><canvas name="1" width="98" height="64"><vector name="origin" x="139" y="53"/><int name="delay" value="300"/><int name="a1" value="0"/></canvas></imgdir><vector name="lt" x="-135" y="-34"/><vector name="rb" x="-50" y="-6"/></imgdir><imgdir name="proneStab"><imgdir name="1"><canvas name="0" width="74" height="45"><vector name="origin" x="86" y="27"/><int name="delay" value="50"/></canvas><canvas name="1" width="74" height="45"><vector name="origin" x="109" y="27"/><int name="delay" value="300"/><int name="a1" value="0"/></canvas></imgdir><vector name="lt" x="-109" y="-17"/><vector name="rb" x="-25" y="5"/></imgdir></imgdir><imgdir name="2"><imgdir name="swingT1"><imgdir name="2"><canvas name="0" width="114" height="83"><vector name="origin" x="98" y="80"/><int name="delay" value="300"/><int name="a1" value="0"/></canvas></imgdir><vector name="lt" x="-100" y="-95"/><vector name="rb" x="-47" y="2"/></imgdir><imgdir name="swingT2"><imgdir name="2"><canvas name="0" width="96" height="79"><vector name="origin" x="92" y="79"/><int name="delay" value="300"/><int name="a1" value="0"/></canvas></imgdir><vector name="lt" x="-86" y="-87"/><vector name="rb" x="-31" y="-8"/></imgdir><imgdir name="swingT3"><imgdir name="2"><canvas name="0" width="105" height="88"><vector name="origin" x="93" y="70"/><int name="delay" value="300"/><int name="a1" value="0"/></canvas></imgdir><vector name="lt" x="-87" y="-83"/><vector name="rb" x="-28" y="24"/></imgdir><imgdir name="swingTF"><imgdir name="3"><canvas name="0" width="116" height="87"><vector name="origin" x="114" y="86"/><int name="delay" value="300"/><int name="a1" value="0"/></canvas></imgdir><vector name="lt" x="-116" y="-106"/><vector name="rb" x="-55" y="10"/></imgdir><imgdir name="stabO1"><imgdir name="1"><canvas name="0" width="77" height="29"><vector name="origin" x="86" y="37"/><int name="delay" value="50"/></canvas><canvas name="1" width="77" height="29"><vector name="origin" x="112" y="37"/><int name="delay" value="300"/><int name="a1" value="0"/></canvas></imgdir><vector name="lt" x="-110" y="-32"/><vector name="rb" x="-16" y="-10"/></imgdir><imgdir name="stabO2"><imgdir name="1"><canvas name="0" width="77" height="29"><vector name="origin" x="98" y="37"/><int name="delay" value="50"/></canvas><canvas name="1" width="77" height="29"><vector name="origin" x="128" y="37"/><int name="delay" value="300"/><int name="a1" value="0"/></canvas></imgdir><vector name="lt" x="-127" y="-32"/><vector name="rb" x="-44" y="-10"/></imgdir><imgdir name="stabOF"><imgdir name="2"><canvas name="0" width="80" height="42"><vector name="origin" x="110" y="43"/><int name="delay" value="50"/></canvas><canvas name="1" width="80" height="42"><vector name="origin" x="139" y="43"/><int name="delay" value="300"/><int name="a1" value="0"/></canvas></imgdir><vector name="lt" x="-135" y="-34"/><vector name="rb" x="-50" y="-6"/></imgdir><imgdir name="proneStab"><imgdir name="1"><canvas name="0" width="77" height="29"><vector name="origin" x="86" y="20"/><int name="delay" value="50"/></canvas><canvas name="1" width="77" height="29"><vector name="origin" x="109" y="20"/><int name="delay" value="300"/><int name="a1" value="0"/></canvas></imgdir><vector name="lt" x="-109" y="-17"/><vector name="rb" x="-25" y="5"/></imgdir></imgdir><imgdir name="3"><imgdir name="swingT1"><imgdir name="2"><canvas name="0" width="108" height="82"><vector name="origin" x="94" y="83"/><int name="delay" value="300"/><int name="a1" value="0"/></canvas></imgdir><vector name="lt" x="-100" y="-95"/><vector name="rb" x="-47" y="2"/></imgdir><imgdir name="swingT2"><imgdir name="2"><canvas name="0" width="92" height="83"><vector name="origin" x="89" y="76"/><int name="delay" value="300"/><int name="a1" value="0"/></canvas></imgdir><vector name="lt" x="-86" y="-87"/><vector name="rb" x="-31" y="-8"/></imgdir><imgdir name="swingT3"><imgdir name="2"><canvas name="0" width="97" height="91"><vector name="origin" x="88" y="71"/><int name="delay" value="300"/><int name="a1" value="0"/></canvas></imgdir><vector name="lt" x="-87" y="-83"/><vector name="rb" x="-28" y="24"/></imgdir><imgdir name="swingTF"><imgdir name="3"><canvas name="0" width="83" height="83"><vector name="origin" x="95" y="83"/><int name="delay" value="300"/><int name="a1" value="0"/></canvas></imgdir><vector name="lt" x="-116" y="-106"/><vector name="rb" x="-55" y="10"/></imgdir><imgdir name="stabO1"><imgdir name="1"><canvas name="0" width="68" height="33"><vector name="origin" x="86" y="43"/><int name="delay" value="50"/></canvas><canvas name="1" width="68" height="33"><vector name="origin" x="112" y="43"/><int name="delay" value="300"/><int name="a1" value="0"/></canvas></imgdir><vector name="lt" x="-110" y="-32"/><vector name="rb" x="-16" y="-10"/></imgdir><imgdir name="stabO2"><imgdir name="1"><canvas name="0" width="68" height="33"><vector name="origin" x="98" y="40"/><int name="delay" value="50"/></canvas><canvas name="1" width="68" height="33"><vector name="origin" x="128" y="40"/><int name="delay" value="300"/><int name="a1" value="0"/></canvas></imgdir><vector name="lt" x="-127" y="-32"/><vector name="rb" x="-44" y="-10"/></imgdir><imgdir name="stabOF"><imgdir name="2"><canvas name="0" width="84" height="42"><vector name="origin" x="110" y="43"/><int name="delay" value="50"/></canvas><canvas name="1" width="84" height="42"><vector name="origin" x="139" y="43"/><int name="delay" value="300"/><int name="a1" value="0"/></canvas></imgdir><vector name="lt" x="-135" y="-34"/><vector name="rb" x="-50" y="-6"/></imgdir><imgdir name="proneStab"><imgdir name="1"><canvas name="0" width="68" height="33"><vector name="origin" x="86" y="23"/><int name="delay" value="50"/></canvas><canvas name="1" width="68" height="33"><vector name="origin" x="109" y="23"/><int name="delay" value="300"/><int name="a1" value="0"/></canvas></imgdir><vector name="lt" x="-109" y="-17"/><vector name="rb" x="-25" y="5"/></imgdir></imgdir><imgdir name="5"><imgdir name="swingT1"><imgdir name="2"><canvas name="0" width="137" height="131"><vector name="origin" x="138" y="105"/><int name="delay" value="300"/><int name="a1" value="0"/></canvas></imgdir><vector name="lt" x="-100" y="-95"/><vector name="rb" x="-47" y="2"/></imgdir><imgdir name="swingT2"><imgdir name="2"><canvas name="0" width="113" height="117"><vector name="origin" x="126" y="99"/><int name="delay" value="300"/><int name="a1" value="0"/></canvas></imgdir><vector name="lt" x="-86" y="-87"/><vector name="rb" x="-31" y="-8"/></imgdir><imgdir name="swingT3"><imgdir name="2"><canvas name="0" width="129" height="133"><vector name="origin" x="133" y="102"/><int name="delay" value="300"/><int name="a1" value="0"/></canvas></imgdir><vector name="lt" x="-87" y="-83"/><vector name="rb" x="-28" y="24"/></imgdir><imgdir name="swingTF"><imgdir name="3"><canvas name="0" width="129" height="121"><vector name="origin" x="131" y="98"/><int name="delay" value="300"/><int name="a1" value="0"/></canvas></imgdir><vector name="lt" x="-116" y="-106"/><vector name="rb" x="-55" y="10"/></imgdir><imgdir name="stabO1"><imgdir name="1"><canvas name="0" width="89" height="48"><vector name="origin" x="113" y="47"/><int name="delay" value="50"/></canvas></imgdir><vector name="lt" x="-110" y="-32"/><vector name="rb" x="-16" y="-10"/></imgdir><imgdir name="stabO2"><imgdir name="1"><canvas name="0" width="115" height="48"><vector name="origin" x="112" y="44"/><int name="delay" value="50"/></canvas></imgdir><vector name="lt" x="-127" y="-32"/><vector name="rb" x="-44" y="-10"/></imgdir><imgdir name="stabOF"><imgdir name="2"><canvas name="0" width="121" height="79"><vector name="origin" x="142" y="59"/><int name="delay" value="50"/></canvas></imgdir><vector name="lt" x="-135" y="-34"/><vector name="rb" x="-50" y="-6"/></imgdir><imgdir name="proneStab"><imgdir name="1"><canvas name="0" width="100" height="58"><vector name="origin" x="111" y="35"/><int name="delay" value="50"/></canvas></imgdir><vector name="lt" x="-109" y="-17"/><vector name="rb" x="-25" y="5"/></imgdir></imgdir></imgdir></imgdir>