<?xml version="1.0" encoding="UTF-8" standalone="yes"?><imgdir name="bow.img"><imgdir name="0"><imgdir name="swingT1"><imgdir name="2"><canvas name="0" width="100" height="81"><vector name="origin" x="92" y="87"/><int name="delay" value="200"/><int name="a1" value="0"/></canvas></imgdir><vector name="lt" x="-30" y="-81"/><vector name="rb" x="0" y="5"/></imgdir><imgdir name="swingT3"><imgdir name="2"><canvas name="0" width="93" height="92"><vector name="origin" x="84" y="71"/><int name="delay" value="200"/><int name="a1" value="0"/></canvas></imgdir><vector name="lt" x="-30" y="-73"/><vector name="rb" x="0" y="14"/></imgdir><imgdir name="proneStab"><imgdir name="1"><canvas name="0" width="49" height="28"><vector name="origin" x="62" y="18"/><int name="delay" value="30"/></canvas><canvas name="1" width="49" height="28"><vector name="origin" x="93" y="18"/><int name="delay" value="200"/><int name="a1" value="0"/></canvas></imgdir><vector name="lt" x="-92" y="-11"/><vector name="rb" x="-24" y="2"/></imgdir><imgdir name="shoot1"><imgdir name="2"><canvas name="0" width="99" height="8"><vector name="origin" x="103" y="32"/><int name="z" value="0"/><int name="delay" value="200"/><int name="a1" value="0"/></canvas></imgdir></imgdir></imgdir><imgdir name="1"><imgdir name="swingT1"><imgdir name="2"><canvas name="0" width="100" height="81"><vector name="origin" x="92" y="87"/><int name="delay" value="200"/><int name="a1" value="0"/></canvas></imgdir><vector name="lt" x="-30" y="-81"/><vector name="rb" x="0" y="5"/></imgdir><imgdir name="swingT3"><imgdir name="2"><canvas name="0" width="93" height="92"><vector name="origin" x="84" y="71"/><int name="delay" value="200"/><int name="a1" value="0"/></canvas></imgdir><vector name="lt" x="-30" y="-73"/><vector name="rb" x="0" y="14"/></imgdir><imgdir name="proneStab"><imgdir name="1"><canvas name="0" width="49" height="28"><vector name="origin" x="62" y="18"/><int name="delay" value="30"/></canvas><canvas name="1" width="49" height="28"><vector name="origin" x="93" y="18"/><int name="delay" value="200"/><int name="a1" value="0"/></canvas></imgdir><vector name="lt" x="-92" y="-11"/><vector name="rb" x="-24" y="2"/></imgdir><imgdir name="shoot1"><imgdir name="2"><canvas name="0" width="99" height="8"><vector name="origin" x="103" y="32"/><int name="z" value="0"/><int name="delay" value="200"/><int name="a1" value="0"/></canvas></imgdir></imgdir></imgdir><imgdir name="2"><imgdir name="swingT1"><imgdir name="2"><canvas name="0" width="100" height="81"><vector name="origin" x="92" y="87"/><int name="delay" value="200"/><int name="a1" value="0"/></canvas></imgdir><vector name="lt" x="-30" y="-81"/><vector name="rb" x="0" y="5"/></imgdir><imgdir name="swingT3"><imgdir name="2"><canvas name="0" width="93" height="92"><vector name="origin" x="84" y="71"/><int name="delay" value="200"/><int name="a1" value="0"/></canvas></imgdir><vector name="lt" x="-30" y="-73"/><vector name="rb" x="0" y="14"/></imgdir><imgdir name="proneStab"><imgdir name="1"><canvas name="0" width="49" height="28"><vector name="origin" x="62" y="18"/><int name="delay" value="30"/></canvas><canvas name="1" width="49" height="28"><vector name="origin" x="93" y="18"/><int name="delay" value="200"/><int name="a1" value="0"/></canvas></imgdir><vector name="lt" x="-92" y="-11"/><vector name="rb" x="-24" y="2"/></imgdir><imgdir name="shoot1"><imgdir name="2"><canvas name="0" width="99" height="8"><vector name="origin" x="103" y="32"/><int name="z" value="0"/><int name="delay" value="200"/><int name="a1" value="0"/></canvas></imgdir></imgdir></imgdir><imgdir name="3"><imgdir name="swingT1"><imgdir name="2"><canvas name="0" width="100" height="81"><vector name="origin" x="92" y="87"/><int name="delay" value="200"/><int name="a1" value="0"/></canvas></imgdir><vector name="lt" x="-30" y="-81"/><vector name="rb" x="0" y="5"/></imgdir><imgdir name="swingT3"><imgdir name="2"><canvas name="0" width="93" height="92"><vector name="origin" x="84" y="71"/><int name="delay" value="200"/><int name="a1" value="0"/></canvas></imgdir><vector name="lt" x="-30" y="-73"/><vector name="rb" x="0" y="14"/></imgdir><imgdir name="proneStab"><imgdir name="1"><canvas name="0" width="49" height="28"><vector name="origin" x="62" y="18"/><int name="delay" value="30"/></canvas><canvas name="1" width="49" height="28"><vector name="origin" x="93" y="18"/><int name="delay" value="200"/><int name="a1" value="0"/></canvas></imgdir><vector name="lt" x="-92" y="-11"/><vector name="rb" x="-24" y="2"/></imgdir><imgdir name="shoot1"><imgdir name="2"><canvas name="0" width="99" height="8"><vector name="origin" x="103" y="32"/><int name="z" value="0"/><int name="delay" value="200"/><int name="a1" value="0"/></canvas></imgdir></imgdir></imgdir><imgdir name="4"><imgdir name="swingT1"><imgdir name="2"><canvas name="0" width="100" height="81"><vector name="origin" x="92" y="87"/><int name="delay" value="200"/><int name="a1" value="0"/></canvas></imgdir><vector name="lt" x="-30" y="-81"/><vector name="rb" x="0" y="5"/></imgdir><imgdir name="swingT3"><imgdir name="2"><canvas name="0" width="93" height="92"><vector name="origin" x="84" y="71"/><int name="delay" value="200"/><int name="a1" value="0"/></canvas></imgdir><vector name="lt" x="-30" y="-73"/><vector name="rb" x="0" y="14"/></imgdir><imgdir name="proneStab"><imgdir name="1"><canvas name="0" width="49" height="28"><vector name="origin" x="62" y="18"/><int name="delay" value="30"/></canvas><canvas name="1" width="49" height="28"><vector name="origin" x="93" y="18"/><int name="delay" value="200"/><int name="a1" value="0"/></canvas></imgdir><vector name="lt" x="-92" y="-11"/><vector name="rb" x="-24" y="2"/></imgdir><imgdir name="shoot1"><imgdir name="2"><canvas name="0" width="99" height="8"><vector name="origin" x="103" y="32"/><int name="z" value="0"/><int name="delay" value="200"/><int name="a1" value="0"/></canvas></imgdir></imgdir></imgdir><imgdir name="5"><imgdir name="swingT1"><imgdir name="2"><canvas name="0" width="100" height="81"><vector name="origin" x="92" y="87"/><int name="delay" value="200"/><int name="a1" value="0"/></canvas></imgdir><vector name="lt" x="-30" y="-81"/><vector name="rb" x="0" y="5"/></imgdir><imgdir name="swingT3"><imgdir name="2"><canvas name="0" width="93" height="92"><vector name="origin" x="84" y="71"/><int name="delay" value="200"/><int name="a1" value="0"/></canvas></imgdir><vector name="lt" x="-30" y="-73"/><vector name="rb" x="0" y="14"/></imgdir><imgdir name="proneStab"><imgdir name="1"><canvas name="0" width="49" height="28"><vector name="origin" x="62" y="18"/><int name="delay" value="30"/></canvas><canvas name="1" width="49" height="28"><vector name="origin" x="93" y="18"/><int name="delay" value="200"/><int name="a1" value="0"/></canvas></imgdir><vector name="lt" x="-92" y="-11"/><vector name="rb" x="-24" y="2"/></imgdir><imgdir name="shoot1"><imgdir name="2"><canvas name="0" width="99" height="8"><vector name="origin" x="103" y="32"/><int name="z" value="0"/><int name="delay" value="200"/><int name="a1" value="0"/></canvas></imgdir></imgdir></imgdir><imgdir name="6"><imgdir name="swingT1"><imgdir name="2"><canvas name="0" width="100" height="81"><vector name="origin" x="92" y="87"/><int name="delay" value="200"/><int name="a1" value="0"/></canvas></imgdir><vector name="lt" x="-30" y="-81"/><vector name="rb" x="0" y="5"/></imgdir><imgdir name="swingT3"><imgdir name="2"><canvas name="0" width="93" height="92"><vector name="origin" x="84" y="71"/><int name="delay" value="200"/><int name="a1" value="0"/></canvas></imgdir><vector name="lt" x="-30" y="-73"/><vector name="rb" x="0" y="14"/></imgdir><imgdir name="proneStab"><imgdir name="1"><canvas name="0" width="49" height="28"><vector name="origin" x="62" y="18"/><int name="delay" value="30"/></canvas><canvas name="1" width="49" height="28"><vector name="origin" x="93" y="18"/><int name="delay" value="200"/><int name="a1" value="0"/></canvas></imgdir><vector name="lt" x="-92" y="-11"/><vector name="rb" x="-24" y="2"/></imgdir><imgdir name="shoot1"><imgdir name="2"><canvas name="0" width="99" height="8"><vector name="origin" x="103" y="32"/><int name="z" value="0"/><int name="delay" value="200"/><int name="a1" value="0"/></canvas></imgdir></imgdir></imgdir><imgdir name="7"><imgdir name="swingT1"><imgdir name="2"><canvas name="0" width="100" height="81"><vector name="origin" x="92" y="87"/><int name="delay" value="200"/><int name="a1" value="0"/></canvas></imgdir><vector name="lt" x="-30" y="-81"/><vector name="rb" x="0" y="5"/></imgdir><imgdir name="swingT3"><imgdir name="2"><canvas name="0" width="93" height="92"><vector name="origin" x="84" y="71"/><int name="delay" value="200"/><int name="a1" value="0"/></canvas></imgdir><vector name="lt" x="-30" y="-73"/><vector name="rb" x="0" y="14"/></imgdir><imgdir name="proneStab"><imgdir name="1"><canvas name="0" width="49" height="28"><vector name="origin" x="62" y="18"/><int name="delay" value="30"/></canvas><canvas name="1" width="49" height="28"><vector name="origin" x="93" y="18"/><int name="delay" value="200"/><int name="a1" value="0"/></canvas></imgdir><vector name="lt" x="-92" y="-11"/><vector name="rb" x="-24" y="2"/></imgdir><imgdir name="shoot1"><imgdir name="2"><canvas name="0" width="99" height="8"><vector name="origin" x="103" y="32"/><int name="z" value="0"/><int name="delay" value="200"/><int name="a1" value="0"/></canvas></imgdir></imgdir></imgdir><imgdir name="8"><imgdir name="swingT1"><imgdir name="2"><canvas name="0" width="100" height="81"><vector name="origin" x="92" y="87"/><int name="delay" value="200"/><int name="a1" value="0"/></canvas></imgdir><vector name="lt" x="-30" y="-81"/><vector name="rb" x="0" y="5"/></imgdir><imgdir name="swingT3"><imgdir name="2"><canvas name="0" width="93" height="92"><vector name="origin" x="84" y="71"/><int name="delay" value="200"/><int name="a1" value="0"/></canvas></imgdir><vector name="lt" x="-30" y="-73"/><vector name="rb" x="0" y="14"/></imgdir><imgdir name="proneStab"><imgdir name="1"><canvas name="0" width="49" height="28"><vector name="origin" x="62" y="18"/><int name="delay" value="30"/></canvas><canvas name="1" width="49" height="28"><vector name="origin" x="93" y="18"/><int name="delay" value="200"/><int name="a1" value="0"/></canvas></imgdir><vector name="lt" x="-92" y="-11"/><vector name="rb" x="-24" y="2"/></imgdir><imgdir name="shoot1"><imgdir name="2"><canvas name="0" width="99" height="8"><vector name="origin" x="103" y="32"/><int name="z" value="0"/><int name="delay" value="200"/><int name="a1" value="0"/></canvas></imgdir></imgdir></imgdir><imgdir name="9"><imgdir name="swingT1"><imgdir name="2"><canvas name="0" width="100" height="81"><vector name="origin" x="92" y="87"/><int name="delay" value="200"/><int name="a1" value="0"/></canvas></imgdir><vector name="lt" x="-30" y="-81"/><vector name="rb" x="0" y="5"/></imgdir><imgdir name="swingT3"><imgdir name="2"><canvas name="0" width="93" height="92"><vector name="origin" x="84" y="71"/><int name="delay" value="200"/><int name="a1" value="0"/></canvas></imgdir><vector name="lt" x="-30" y="-73"/><vector name="rb" x="0" y="14"/></imgdir><imgdir name="proneStab"><imgdir name="1"><canvas name="0" width="49" height="28"><vector name="origin" x="62" y="18"/><int name="delay" value="30"/></canvas><canvas name="1" width="49" height="28"><vector name="origin" x="93" y="18"/><int name="delay" value="200"/><int name="a1" value="0"/></canvas></imgdir><vector name="lt" x="-92" y="-11"/><vector name="rb" x="-24" y="2"/></imgdir><imgdir name="shoot1"><imgdir name="2"><canvas name="0" width="99" height="8"><vector name="origin" x="103" y="32"/><int name="z" value="0"/><int name="delay" value="200"/><int name="a1" value="0"/></canvas></imgdir></imgdir></imgdir><imgdir name="10"><imgdir name="swingT1"><imgdir name="2"><canvas name="0" width="134" height="84"><vector name="origin" x="114" y="89"/><int name="delay" value="200"/><int name="a1" value="0"/></canvas></imgdir><vector name="lt" x="-30" y="-81"/><vector name="rb" x="0" y="5"/></imgdir><imgdir name="swingT3"><imgdir name="2"><canvas name="0" width="118" height="95"><vector name="origin" x="98" y="71"/><int name="delay" value="200"/><int name="a1" value="0"/></canvas></imgdir><vector name="lt" x="-30" y="-73"/><vector name="rb" x="0" y="14"/></imgdir><imgdir name="proneStab"><imgdir name="1"><canvas name="0" width="71" height="35"><vector name="origin" x="62" y="21"/><int name="delay" value="30"/></canvas><canvas name="1" width="71" height="35"><vector name="origin" x="93" y="21"/><int name="delay" value="200"/><int name="a1" value="0"/></canvas></imgdir><vector name="lt" x="-87" y="-11"/><vector name="rb" x="-24" y="2"/></imgdir><imgdir name="shoot1"><imgdir name="2"><canvas name="0" width="64" height="64"><vector name="origin" x="83" y="57"/><int name="z" value="0"/><int name="delay" value="200"/><int name="a1" value="0"/></canvas></imgdir></imgdir></imgdir><imgdir name="11"><imgdir name="swingT1"><imgdir name="2"><canvas name="0" width="134" height="84"><vector name="origin" x="114" y="89"/><int name="delay" value="200"/><int name="a1" value="0"/></canvas></imgdir><vector name="lt" x="-30" y="-81"/><vector name="rb" x="0" y="5"/></imgdir><imgdir name="swingT3"><imgdir name="2"><canvas name="0" width="118" height="95"><vector name="origin" x="98" y="71"/><int name="delay" value="200"/><int name="a1" value="0"/></canvas></imgdir><vector name="lt" x="-30" y="-73"/><vector name="rb" x="0" y="14"/></imgdir><imgdir name="proneStab"><imgdir name="1"><canvas name="0" width="71" height="35"><vector name="origin" x="62" y="21"/><int name="delay" value="30"/></canvas><canvas name="1" width="71" height="35"><vector name="origin" x="93" y="21"/><int name="delay" value="200"/><int name="a1" value="0"/></canvas></imgdir><vector name="lt" x="-87" y="-11"/><vector name="rb" x="-24" y="2"/></imgdir><imgdir name="shoot1"><imgdir name="2"><canvas name="0" width="64" height="64"><vector name="origin" x="83" y="57"/><int name="z" value="0"/><int name="delay" value="200"/><int name="a1" value="0"/></canvas></imgdir></imgdir></imgdir><imgdir name="12"><imgdir name="swingT1"><imgdir name="2"><canvas name="0" width="134" height="84"><vector name="origin" x="114" y="89"/><int name="delay" value="200"/><int name="a1" value="0"/></canvas></imgdir><vector name="lt" x="-30" y="-81"/><vector name="rb" x="0" y="5"/></imgdir><imgdir name="swingT3"><imgdir name="2"><canvas name="0" width="118" height="95"><vector name="origin" x="98" y="71"/><int name="delay" value="200"/><int name="a1" value="0"/></canvas></imgdir><vector name="lt" x="-30" y="-73"/><vector name="rb" x="0" y="14"/></imgdir><imgdir name="proneStab"><imgdir name="1"><canvas name="0" width="71" height="35"><vector name="origin" x="62" y="21"/><int name="delay" value="30"/></canvas><canvas name="1" width="71" height="35"><vector name="origin" x="93" y="21"/><int name="delay" value="200"/><int name="a1" value="0"/></canvas></imgdir><vector name="lt" x="-87" y="-11"/><vector name="rb" x="-24" y="2"/></imgdir><imgdir name="shoot1"><imgdir name="2"><canvas name="0" width="64" height="64"><vector name="origin" x="83" y="57"/><int name="z" value="0"/><int name="delay" value="200"/><int name="a1" value="0"/></canvas></imgdir></imgdir></imgdir><imgdir name="13"><imgdir name="swingT1"><imgdir name="2"><canvas name="0" width="134" height="84"><vector name="origin" x="114" y="89"/><int name="delay" value="200"/><int name="a1" value="0"/></canvas></imgdir><vector name="lt" x="-30" y="-81"/><vector name="rb" x="0" y="5"/></imgdir><imgdir name="swingT3"><imgdir name="2"><canvas name="0" width="118" height="95"><vector name="origin" x="98" y="71"/><int name="delay" value="200"/><int name="a1" value="0"/></canvas></imgdir><vector name="lt" x="-30" y="-73"/><vector name="rb" x="0" y="14"/></imgdir><imgdir name="proneStab"><imgdir name="1"><canvas name="0" width="71" height="35"><vector name="origin" x="62" y="21"/><int name="delay" value="30"/></canvas><canvas name="1" width="71" height="35"><vector name="origin" x="93" y="21"/><int name="delay" value="200"/><int name="a1" value="0"/></canvas></imgdir><vector name="lt" x="-87" y="-11"/><vector name="rb" x="-24" y="2"/></imgdir><imgdir name="shoot1"><imgdir name="2"><canvas name="0" width="64" height="64"><vector name="origin" x="83" y="57"/><int name="z" value="0"/><int name="delay" value="200"/><int name="a1" value="0"/></canvas></imgdir></imgdir></imgdir><imgdir name="14"><imgdir name="swingT1"><imgdir name="2"><canvas name="0" width="134" height="84"><vector name="origin" x="114" y="89"/><int name="delay" value="200"/><int name="a1" value="0"/></canvas></imgdir><vector name="lt" x="-30" y="-81"/><vector name="rb" x="0" y="5"/></imgdir><imgdir name="swingT3"><imgdir name="2"><canvas name="0" width="118" height="95"><vector name="origin" x="98" y="71"/><int name="delay" value="200"/><int name="a1" value="0"/></canvas></imgdir><vector name="lt" x="-30" y="-73"/><vector name="rb" x="0" y="14"/></imgdir><imgdir name="proneStab"><imgdir name="1"><canvas name="0" width="71" height="35"><vector name="origin" x="62" y="21"/><int name="delay" value="30"/></canvas><canvas name="1" width="71" height="35"><vector name="origin" x="93" y="21"/><int name="delay" value="200"/><int name="a1" value="0"/></canvas></imgdir><vector name="lt" x="-87" y="-11"/><vector name="rb" x="-24" y="2"/></imgdir><imgdir name="shoot1"><imgdir name="2"><canvas name="0" width="64" height="64"><vector name="origin" x="83" y="57"/><int name="z" value="0"/><int name="delay" value="200"/><int name="a1" value="0"/></canvas></imgdir></imgdir></imgdir><imgdir name="15"><imgdir name="swingT1"><imgdir name="2"><canvas name="0" width="134" height="84"><vector name="origin" x="114" y="89"/><int name="delay" value="200"/><int name="a1" value="0"/></canvas></imgdir><vector name="lt" x="-30" y="-81"/><vector name="rb" x="0" y="5"/></imgdir><imgdir name="swingT3"><imgdir name="2"><canvas name="0" width="118" height="95"><vector name="origin" x="98" y="71"/><int name="delay" value="200"/><int name="a1" value="0"/></canvas></imgdir><vector name="lt" x="-30" y="-73"/><vector name="rb" x="0" y="14"/></imgdir><imgdir name="proneStab"><imgdir name="1"><canvas name="0" width="71" height="35"><vector name="origin" x="62" y="21"/><int name="delay" value="30"/></canvas><canvas name="1" width="71" height="35"><vector name="origin" x="93" y="21"/><int name="delay" value="200"/><int name="a1" value="0"/></canvas></imgdir><vector name="lt" x="-87" y="-11"/><vector name="rb" x="-24" y="2"/></imgdir><imgdir name="shoot1"><imgdir name="2"><canvas name="0" width="64" height="64"><vector name="origin" x="83" y="57"/><int name="z" value="0"/><int name="delay" value="200"/><int name="a1" value="0"/></canvas></imgdir></imgdir></imgdir><imgdir name="16"><imgdir name="swingT1"><imgdir name="2"><canvas name="0" width="134" height="84"><vector name="origin" x="114" y="89"/><int name="delay" value="200"/><int name="a1" value="0"/></canvas></imgdir><vector name="lt" x="-30" y="-81"/><vector name="rb" x="0" y="5"/></imgdir><imgdir name="swingT3"><imgdir name="2"><canvas name="0" width="118" height="95"><vector name="origin" x="98" y="71"/><int name="delay" value="200"/><int name="a1" value="0"/></canvas></imgdir><vector name="lt" x="-30" y="-73"/><vector name="rb" x="0" y="14"/></imgdir><imgdir name="proneStab"><imgdir name="1"><canvas name="0" width="71" height="35"><vector name="origin" x="62" y="21"/><int name="delay" value="30"/></canvas><canvas name="1" width="71" height="35"><vector name="origin" x="93" y="21"/><int name="delay" value="200"/><int name="a1" value="0"/></canvas></imgdir><vector name="lt" x="-87" y="-11"/><vector name="rb" x="-24" y="2"/></imgdir><imgdir name="shoot1"><imgdir name="2"><canvas name="0" width="64" height="64"><vector name="origin" x="83" y="57"/><int name="z" value="0"/><int name="delay" value="200"/><int name="a1" value="0"/></canvas></imgdir></imgdir></imgdir></imgdir>