<?xml version="1.0" encoding="UTF-8" standalone="yes"?><imgdir name="mace.img"><imgdir name="0"><imgdir name="swingO1"><imgdir name="2"><canvas name="0" width="76" height="68"><vector name="origin" x="85" y="68"/><int name="delay" value="200"/><int name="a1" value="0"/></canvas></imgdir><vector name="lt" x="-77" y="-61"/><vector name="rb" x="0" y="-9"/></imgdir><imgdir name="swingO2"><imgdir name="2"><canvas name="0" width="88" height="82"><vector name="origin" x="77" y="66"/><int name="delay" value="200"/><int name="a1" value="0"/></canvas></imgdir><vector name="lt" x="-69" y="-55"/><vector name="rb" x="12" y="11"/></imgdir><imgdir name="swingO3"><imgdir name="2"><canvas name="0" width="93" height="51"><vector name="origin" x="102" y="60"/><int name="delay" value="200"/><int name="a1" value="0"/></canvas></imgdir><vector name="lt" x="-94" y="-50"/><vector name="rb" x="-20" y="-14"/></imgdir><imgdir name="swingOF"><imgdir name="3"><canvas name="0" width="136" height="57"><vector name="origin" x="127" y="48"/><int name="delay" value="200"/><int name="a1" value="0"/></canvas></imgdir><vector name="lt" x="-118" y="-40"/><vector name="rb" x="-3" y="1"/></imgdir><imgdir name="stabO1"><imgdir name="1"><canvas name="0" width="49" height="28"><vector name="origin" x="60" y="36"/><int name="delay" value="30"/></canvas><canvas name="1" width="49" height="28"><vector name="origin" x="86" y="36"/><int name="delay" value="200"/><int name="a1" value="0"/></canvas></imgdir><vector name="lt" x="-82" y="-30"/><vector name="rb" x="-17" y="-14"/></imgdir><imgdir name="stabO2"><imgdir name="1"><canvas name="0" width="49" height="28"><vector name="origin" x="58" y="35"/><int name="delay" value="30"/></canvas><canvas name="1" width="49" height="28"><vector name="origin" x="85" y="35"/><int name="delay" value="200"/><int name="a1" value="0"/></canvas></imgdir><vector name="lt" x="-82" y="-30"/><vector name="rb" x="-14" y="-12"/></imgdir><imgdir name="stabOF"><imgdir name="2"><canvas name="0" width="64" height="32"><vector name="origin" x="95" y="36"/><int name="delay" value="30"/></canvas><canvas name="1" width="49" height="28"><vector name="origin" x="112" y="35"/><int name="delay" value="200"/><int name="a1" value="0"/></canvas></imgdir><vector name="lt" x="-108" y="-32"/><vector name="rb" x="-36" y="-10"/></imgdir><imgdir name="proneStab"><imgdir name="1"><canvas name="0" width="49" height="28"><vector name="origin" x="53" y="19"/><int name="delay" value="30"/></canvas><canvas name="1" width="49" height="28"><vector name="origin" x="75" y="19"/><int name="delay" value="200"/><int name="a1" value="0"/></canvas></imgdir><vector name="lt" x="-72" y="-14"/><vector name="rb" x="-9" y="5"/></imgdir></imgdir><imgdir name="1"><imgdir name="swingO1"><imgdir name="2"><canvas name="0" width="76" height="68"><vector name="origin" x="85" y="68"/><int name="delay" value="200"/><int name="a1" value="0"/></canvas></imgdir><vector name="lt" x="-77" y="-61"/><vector name="rb" x="0" y="-9"/></imgdir><imgdir name="swingO2"><imgdir name="2"><canvas name="0" width="88" height="82"><vector name="origin" x="77" y="66"/><int name="delay" value="200"/><int name="a1" value="0"/></canvas></imgdir><vector name="lt" x="-69" y="-55"/><vector name="rb" x="12" y="11"/></imgdir><imgdir name="swingO3"><imgdir name="2"><canvas name="0" width="93" height="51"><vector name="origin" x="102" y="60"/><int name="delay" value="200"/><int name="a1" value="0"/></canvas></imgdir><vector name="lt" x="-94" y="-50"/><vector name="rb" x="-20" y="-14"/></imgdir><imgdir name="swingOF"><imgdir name="3"><canvas name="0" width="136" height="57"><vector name="origin" x="127" y="48"/><int name="delay" value="200"/><int name="a1" value="0"/></canvas></imgdir><vector name="lt" x="-118" y="-40"/><vector name="rb" x="-3" y="1"/></imgdir><imgdir name="stabO1"><imgdir name="1"><canvas name="0" width="49" height="28"><vector name="origin" x="60" y="36"/><int name="delay" value="30"/></canvas><canvas name="1" width="49" height="28"><vector name="origin" x="86" y="36"/><int name="delay" value="200"/><int name="a1" value="0"/></canvas></imgdir><vector name="lt" x="-82" y="-30"/><vector name="rb" x="-17" y="-14"/></imgdir><imgdir name="stabO2"><imgdir name="1"><canvas name="0" width="49" height="28"><vector name="origin" x="58" y="35"/><int name="delay" value="30"/></canvas><canvas name="1" width="49" height="28"><vector name="origin" x="85" y="35"/><int name="delay" value="200"/><int name="a1" value="0"/></canvas></imgdir><vector name="lt" x="-82" y="-30"/><vector name="rb" x="-14" y="-12"/></imgdir><imgdir name="stabOF"><imgdir name="2"><canvas name="0" width="64" height="32"><vector name="origin" x="95" y="36"/><int name="delay" value="30"/></canvas><canvas name="1" width="49" height="28"><vector name="origin" x="112" y="35"/><int name="delay" value="200"/><int name="a1" value="0"/></canvas></imgdir><vector name="lt" x="-108" y="-32"/><vector name="rb" x="-36" y="-10"/></imgdir><imgdir name="proneStab"><imgdir name="1"><canvas name="0" width="49" height="28"><vector name="origin" x="53" y="19"/><int name="delay" value="30"/></canvas><canvas name="1" width="49" height="28"><vector name="origin" x="75" y="19"/><int name="delay" value="200"/><int name="a1" value="0"/></canvas></imgdir><vector name="lt" x="-72" y="-14"/><vector name="rb" x="-9" y="5"/></imgdir></imgdir><imgdir name="2"><imgdir name="swingO1"><imgdir name="2"><canvas name="0" width="76" height="68"><vector name="origin" x="85" y="68"/><int name="delay" value="200"/><int name="a1" value="0"/></canvas></imgdir><vector name="lt" x="-77" y="-61"/><vector name="rb" x="0" y="-9"/></imgdir><imgdir name="swingO2"><imgdir name="2"><canvas name="0" width="88" height="82"><vector name="origin" x="77" y="66"/><int name="delay" value="200"/><int name="a1" value="0"/></canvas></imgdir><vector name="lt" x="-69" y="-55"/><vector name="rb" x="12" y="11"/></imgdir><imgdir name="swingO3"><imgdir name="2"><canvas name="0" width="93" height="51"><vector name="origin" x="102" y="60"/><int name="delay" value="200"/><int name="a1" value="0"/></canvas></imgdir><vector name="lt" x="-94" y="-50"/><vector name="rb" x="-20" y="-14"/></imgdir><imgdir name="swingOF"><imgdir name="3"><canvas name="0" width="136" height="57"><vector name="origin" x="127" y="48"/><int name="delay" value="200"/><int name="a1" value="0"/></canvas></imgdir><vector name="lt" x="-118" y="-40"/><vector name="rb" x="-3" y="1"/></imgdir><imgdir name="stabO1"><imgdir name="1"><canvas name="0" width="49" height="28"><vector name="origin" x="60" y="36"/><int name="delay" value="30"/></canvas><canvas name="1" width="49" height="28"><vector name="origin" x="86" y="36"/><int name="delay" value="200"/><int name="a1" value="0"/></canvas></imgdir><vector name="lt" x="-82" y="-30"/><vector name="rb" x="-17" y="-14"/></imgdir><imgdir name="stabO2"><imgdir name="1"><canvas name="0" width="49" height="28"><vector name="origin" x="58" y="35"/><int name="delay" value="30"/></canvas><canvas name="1" width="49" height="28"><vector name="origin" x="85" y="35"/><int name="delay" value="200"/><int name="a1" value="0"/></canvas></imgdir><vector name="lt" x="-82" y="-30"/><vector name="rb" x="-14" y="-12"/></imgdir><imgdir name="stabOF"><imgdir name="2"><canvas name="0" width="64" height="32"><vector name="origin" x="95" y="36"/><int name="delay" value="30"/></canvas><canvas name="1" width="49" height="28"><vector name="origin" x="112" y="35"/><int name="delay" value="200"/><int name="a1" value="0"/></canvas></imgdir><vector name="lt" x="-108" y="-32"/><vector name="rb" x="-36" y="-10"/></imgdir><imgdir name="proneStab"><imgdir name="1"><canvas name="0" width="49" height="28"><vector name="origin" x="53" y="19"/><int name="delay" value="30"/></canvas><canvas name="1" width="49" height="28"><vector name="origin" x="75" y="19"/><int name="delay" value="200"/><int name="a1" value="0"/></canvas></imgdir><vector name="lt" x="-72" y="-14"/><vector name="rb" x="-9" y="5"/></imgdir></imgdir><imgdir name="3"><imgdir name="swingO1"><imgdir name="2"><canvas name="0" width="76" height="68"><vector name="origin" x="85" y="68"/><int name="delay" value="200"/><int name="a1" value="0"/></canvas></imgdir><vector name="lt" x="-77" y="-61"/><vector name="rb" x="0" y="-9"/></imgdir><imgdir name="swingO2"><imgdir name="2"><canvas name="0" width="88" height="82"><vector name="origin" x="77" y="66"/><int name="delay" value="200"/><int name="a1" value="0"/></canvas></imgdir><vector name="lt" x="-69" y="-55"/><vector name="rb" x="12" y="11"/></imgdir><imgdir name="swingO3"><imgdir name="2"><canvas name="0" width="93" height="51"><vector name="origin" x="102" y="60"/><int name="delay" value="200"/><int name="a1" value="0"/></canvas></imgdir><vector name="lt" x="-94" y="-50"/><vector name="rb" x="-20" y="-14"/></imgdir><imgdir name="swingOF"><imgdir name="3"><canvas name="0" width="136" height="57"><vector name="origin" x="127" y="48"/><int name="delay" value="200"/><int name="a1" value="0"/></canvas></imgdir><vector name="lt" x="-118" y="-40"/><vector name="rb" x="-3" y="1"/></imgdir><imgdir name="stabO1"><imgdir name="1"><canvas name="0" width="49" height="28"><vector name="origin" x="60" y="36"/><int name="delay" value="30"/></canvas><canvas name="1" width="49" height="28"><vector name="origin" x="86" y="36"/><int name="delay" value="200"/><int name="a1" value="0"/></canvas></imgdir><vector name="lt" x="-82" y="-30"/><vector name="rb" x="-17" y="-14"/></imgdir><imgdir name="stabO2"><imgdir name="1"><canvas name="0" width="49" height="28"><vector name="origin" x="58" y="35"/><int name="delay" value="30"/></canvas><canvas name="1" width="49" height="28"><vector name="origin" x="85" y="35"/><int name="delay" value="200"/><int name="a1" value="0"/></canvas></imgdir><vector name="lt" x="-82" y="-30"/><vector name="rb" x="-14" y="-12"/></imgdir><imgdir name="stabOF"><imgdir name="2"><canvas name="0" width="64" height="32"><vector name="origin" x="95" y="36"/><int name="delay" value="30"/></canvas><canvas name="1" width="49" height="28"><vector name="origin" x="112" y="35"/><int name="delay" value="200"/><int name="a1" value="0"/></canvas></imgdir><vector name="lt" x="-108" y="-32"/><vector name="rb" x="-36" y="-10"/></imgdir><imgdir name="proneStab"><imgdir name="1"><canvas name="0" width="49" height="28"><vector name="origin" x="53" y="19"/><int name="delay" value="30"/></canvas><canvas name="1" width="49" height="28"><vector name="origin" x="75" y="19"/><int name="delay" value="200"/><int name="a1" value="0"/></canvas></imgdir><vector name="lt" x="-72" y="-14"/><vector name="rb" x="-9" y="5"/></imgdir></imgdir><imgdir name="4"><imgdir name="swingO1"><imgdir name="2"><canvas name="0" width="76" height="68"><vector name="origin" x="85" y="68"/><int name="delay" value="200"/><int name="a1" value="0"/></canvas></imgdir><vector name="lt" x="-77" y="-61"/><vector name="rb" x="0" y="-9"/></imgdir><imgdir name="swingO2"><imgdir name="2"><canvas name="0" width="88" height="82"><vector name="origin" x="77" y="66"/><int name="delay" value="200"/><int name="a1" value="0"/></canvas></imgdir><vector name="lt" x="-69" y="-55"/><vector name="rb" x="12" y="11"/></imgdir><imgdir name="swingO3"><imgdir name="2"><canvas name="0" width="93" height="51"><vector name="origin" x="102" y="60"/><int name="delay" value="200"/><int name="a1" value="0"/></canvas></imgdir><vector name="lt" x="-94" y="-50"/><vector name="rb" x="-20" y="-14"/></imgdir><imgdir name="swingOF"><imgdir name="3"><canvas name="0" width="136" height="57"><vector name="origin" x="127" y="48"/><int name="delay" value="200"/><int name="a1" value="0"/></canvas></imgdir><vector name="lt" x="-118" y="-40"/><vector name="rb" x="-3" y="1"/></imgdir><imgdir name="stabO1"><imgdir name="1"><canvas name="0" width="49" height="28"><vector name="origin" x="60" y="36"/><int name="delay" value="30"/></canvas><canvas name="1" width="49" height="28"><vector name="origin" x="86" y="36"/><int name="delay" value="200"/><int name="a1" value="0"/></canvas></imgdir><vector name="lt" x="-82" y="-30"/><vector name="rb" x="-17" y="-14"/></imgdir><imgdir name="stabO2"><imgdir name="1"><canvas name="0" width="49" height="28"><vector name="origin" x="58" y="35"/><int name="delay" value="30"/></canvas><canvas name="1" width="49" height="28"><vector name="origin" x="85" y="35"/><int name="delay" value="200"/><int name="a1" value="0"/></canvas></imgdir><vector name="lt" x="-82" y="-30"/><vector name="rb" x="-14" y="-12"/></imgdir><imgdir name="stabOF"><imgdir name="2"><canvas name="0" width="64" height="32"><vector name="origin" x="95" y="36"/><int name="delay" value="30"/></canvas><canvas name="1" width="49" height="28"><vector name="origin" x="112" y="35"/><int name="delay" value="200"/><int name="a1" value="0"/></canvas></imgdir><vector name="lt" x="-108" y="-32"/><vector name="rb" x="-36" y="-10"/></imgdir><imgdir name="proneStab"><imgdir name="1"><canvas name="0" width="49" height="28"><vector name="origin" x="53" y="19"/><int name="delay" value="30"/></canvas><canvas name="1" width="49" height="28"><vector name="origin" x="75" y="19"/><int name="delay" value="200"/><int name="a1" value="0"/></canvas></imgdir><vector name="lt" x="-72" y="-14"/><vector name="rb" x="-9" y="5"/></imgdir></imgdir><imgdir name="5"><imgdir name="swingO1"><imgdir name="2"><canvas name="0" width="76" height="68"><vector name="origin" x="85" y="68"/><int name="delay" value="200"/><int name="a1" value="0"/></canvas></imgdir><vector name="lt" x="-77" y="-61"/><vector name="rb" x="0" y="-9"/></imgdir><imgdir name="swingO2"><imgdir name="2"><canvas name="0" width="88" height="82"><vector name="origin" x="77" y="66"/><int name="delay" value="200"/><int name="a1" value="0"/></canvas></imgdir><vector name="lt" x="-69" y="-55"/><vector name="rb" x="12" y="11"/></imgdir><imgdir name="swingO3"><imgdir name="2"><canvas name="0" width="93" height="51"><vector name="origin" x="102" y="60"/><int name="delay" value="200"/><int name="a1" value="0"/></canvas></imgdir><vector name="lt" x="-94" y="-50"/><vector name="rb" x="-20" y="-14"/></imgdir><imgdir name="swingOF"><imgdir name="3"><canvas name="0" width="136" height="57"><vector name="origin" x="127" y="48"/><int name="delay" value="200"/><int name="a1" value="0"/></canvas></imgdir><vector name="lt" x="-118" y="-40"/><vector name="rb" x="-3" y="1"/></imgdir><imgdir name="stabO1"><imgdir name="1"><canvas name="0" width="49" height="28"><vector name="origin" x="60" y="36"/><int name="delay" value="30"/></canvas><canvas name="1" width="49" height="28"><vector name="origin" x="86" y="36"/><int name="delay" value="200"/><int name="a1" value="0"/></canvas></imgdir><vector name="lt" x="-82" y="-30"/><vector name="rb" x="-17" y="-14"/></imgdir><imgdir name="stabO2"><imgdir name="1"><canvas name="0" width="49" height="28"><vector name="origin" x="58" y="35"/><int name="delay" value="30"/></canvas><canvas name="1" width="49" height="28"><vector name="origin" x="85" y="35"/><int name="delay" value="200"/><int name="a1" value="0"/></canvas></imgdir><vector name="lt" x="-82" y="-30"/><vector name="rb" x="-14" y="-12"/></imgdir><imgdir name="stabOF"><imgdir name="2"><canvas name="0" width="64" height="32"><vector name="origin" x="95" y="36"/><int name="delay" value="30"/></canvas><canvas name="1" width="49" height="28"><vector name="origin" x="112" y="35"/><int name="delay" value="200"/><int name="a1" value="0"/></canvas></imgdir><vector name="lt" x="-108" y="-32"/><vector name="rb" x="-36" y="-10"/></imgdir><imgdir name="proneStab"><imgdir name="1"><canvas name="0" width="49" height="28"><vector name="origin" x="53" y="19"/><int name="delay" value="30"/></canvas><canvas name="1" width="49" height="28"><vector name="origin" x="75" y="19"/><int name="delay" value="200"/><int name="a1" value="0"/></canvas></imgdir><vector name="lt" x="-72" y="-14"/><vector name="rb" x="-9" y="5"/></imgdir></imgdir><imgdir name="6"><imgdir name="swingO1"><imgdir name="2"><canvas name="0" width="76" height="68"><vector name="origin" x="85" y="68"/><int name="delay" value="200"/><int name="a1" value="0"/></canvas></imgdir><vector name="lt" x="-77" y="-61"/><vector name="rb" x="0" y="-9"/></imgdir><imgdir name="swingO2"><imgdir name="2"><canvas name="0" width="88" height="82"><vector name="origin" x="77" y="66"/><int name="delay" value="200"/><int name="a1" value="0"/></canvas></imgdir><vector name="lt" x="-69" y="-55"/><vector name="rb" x="12" y="11"/></imgdir><imgdir name="swingO3"><imgdir name="2"><canvas name="0" width="93" height="51"><vector name="origin" x="102" y="60"/><int name="delay" value="200"/><int name="a1" value="0"/></canvas></imgdir><vector name="lt" x="-94" y="-50"/><vector name="rb" x="-20" y="-14"/></imgdir><imgdir name="swingOF"><imgdir name="3"><canvas name="0" width="136" height="57"><vector name="origin" x="127" y="48"/><int name="delay" value="200"/><int name="a1" value="0"/></canvas></imgdir><vector name="lt" x="-118" y="-40"/><vector name="rb" x="-3" y="1"/></imgdir><imgdir name="stabO1"><imgdir name="1"><canvas name="0" width="49" height="28"><vector name="origin" x="60" y="36"/><int name="delay" value="30"/></canvas><canvas name="1" width="49" height="28"><vector name="origin" x="86" y="36"/><int name="delay" value="200"/><int name="a1" value="0"/></canvas></imgdir><vector name="lt" x="-82" y="-30"/><vector name="rb" x="-17" y="-14"/></imgdir><imgdir name="stabO2"><imgdir name="1"><canvas name="0" width="49" height="28"><vector name="origin" x="58" y="35"/><int name="delay" value="30"/></canvas><canvas name="1" width="49" height="28"><vector name="origin" x="85" y="35"/><int name="delay" value="200"/><int name="a1" value="0"/></canvas></imgdir><vector name="lt" x="-82" y="-30"/><vector name="rb" x="-14" y="-12"/></imgdir><imgdir name="stabOF"><imgdir name="2"><canvas name="0" width="64" height="32"><vector name="origin" x="95" y="36"/><int name="delay" value="30"/></canvas><canvas name="1" width="49" height="28"><vector name="origin" x="112" y="35"/><int name="delay" value="200"/><int name="a1" value="0"/></canvas></imgdir><vector name="lt" x="-108" y="-32"/><vector name="rb" x="-36" y="-10"/></imgdir><imgdir name="proneStab"><imgdir name="1"><canvas name="0" width="49" height="28"><vector name="origin" x="53" y="19"/><int name="delay" value="30"/></canvas><canvas name="1" width="49" height="28"><vector name="origin" x="75" y="19"/><int name="delay" value="200"/><int name="a1" value="0"/></canvas></imgdir><vector name="lt" x="-72" y="-14"/><vector name="rb" x="-9" y="5"/></imgdir></imgdir><imgdir name="7"><imgdir name="swingO1"><imgdir name="2"><canvas name="0" width="76" height="68"><vector name="origin" x="85" y="68"/><int name="delay" value="200"/><int name="a1" value="0"/></canvas></imgdir><vector name="lt" x="-77" y="-61"/><vector name="rb" x="0" y="-9"/></imgdir><imgdir name="swingO2"><imgdir name="2"><canvas name="0" width="88" height="82"><vector name="origin" x="77" y="66"/><int name="delay" value="200"/><int name="a1" value="0"/></canvas></imgdir><vector name="lt" x="-69" y="-55"/><vector name="rb" x="12" y="11"/></imgdir><imgdir name="swingO3"><imgdir name="2"><canvas name="0" width="93" height="51"><vector name="origin" x="102" y="60"/><int name="delay" value="200"/><int name="a1" value="0"/></canvas></imgdir><vector name="lt" x="-94" y="-50"/><vector name="rb" x="-20" y="-14"/></imgdir><imgdir name="swingOF"><imgdir name="3"><canvas name="0" width="136" height="57"><vector name="origin" x="127" y="48"/><int name="delay" value="200"/><int name="a1" value="0"/></canvas></imgdir><vector name="lt" x="-118" y="-40"/><vector name="rb" x="-3" y="1"/></imgdir><imgdir name="stabO1"><imgdir name="1"><canvas name="0" width="49" height="28"><vector name="origin" x="60" y="36"/><int name="delay" value="30"/></canvas><canvas name="1" width="49" height="28"><vector name="origin" x="86" y="36"/><int name="delay" value="200"/><int name="a1" value="0"/></canvas></imgdir><vector name="lt" x="-82" y="-30"/><vector name="rb" x="-17" y="-14"/></imgdir><imgdir name="stabO2"><imgdir name="1"><canvas name="0" width="49" height="28"><vector name="origin" x="58" y="35"/><int name="delay" value="30"/></canvas><canvas name="1" width="49" height="28"><vector name="origin" x="85" y="35"/><int name="delay" value="200"/><int name="a1" value="0"/></canvas></imgdir><vector name="lt" x="-82" y="-30"/><vector name="rb" x="-14" y="-12"/></imgdir><imgdir name="stabOF"><imgdir name="2"><canvas name="0" width="64" height="32"><vector name="origin" x="95" y="36"/><int name="delay" value="30"/></canvas><canvas name="1" width="49" height="28"><vector name="origin" x="112" y="35"/><int name="delay" value="200"/><int name="a1" value="0"/></canvas></imgdir><vector name="lt" x="-108" y="-32"/><vector name="rb" x="-36" y="-10"/></imgdir><imgdir name="proneStab"><imgdir name="1"><canvas name="0" width="49" height="28"><vector name="origin" x="53" y="19"/><int name="delay" value="30"/></canvas><canvas name="1" width="49" height="28"><vector name="origin" x="75" y="19"/><int name="delay" value="200"/><int name="a1" value="0"/></canvas></imgdir><vector name="lt" x="-72" y="-14"/><vector name="rb" x="-9" y="5"/></imgdir></imgdir><imgdir name="8"><imgdir name="swingO1"><imgdir name="2"><canvas name="0" width="76" height="68"><vector name="origin" x="85" y="68"/><int name="delay" value="200"/><int name="a1" value="0"/></canvas></imgdir><vector name="lt" x="-77" y="-61"/><vector name="rb" x="0" y="-9"/></imgdir><imgdir name="swingO2"><imgdir name="2"><canvas name="0" width="88" height="82"><vector name="origin" x="77" y="66"/><int name="delay" value="200"/><int name="a1" value="0"/></canvas></imgdir><vector name="lt" x="-69" y="-55"/><vector name="rb" x="12" y="11"/></imgdir><imgdir name="swingO3"><imgdir name="2"><canvas name="0" width="93" height="51"><vector name="origin" x="102" y="60"/><int name="delay" value="200"/><int name="a1" value="0"/></canvas></imgdir><vector name="lt" x="-94" y="-50"/><vector name="rb" x="-20" y="-14"/></imgdir><imgdir name="swingOF"><imgdir name="3"><canvas name="0" width="136" height="57"><vector name="origin" x="127" y="48"/><int name="delay" value="200"/><int name="a1" value="0"/></canvas></imgdir><vector name="lt" x="-118" y="-40"/><vector name="rb" x="-3" y="1"/></imgdir><imgdir name="stabO1"><imgdir name="1"><canvas name="0" width="49" height="28"><vector name="origin" x="60" y="36"/><int name="delay" value="30"/></canvas><canvas name="1" width="49" height="28"><vector name="origin" x="86" y="36"/><int name="delay" value="200"/><int name="a1" value="0"/></canvas></imgdir><vector name="lt" x="-82" y="-30"/><vector name="rb" x="-17" y="-14"/></imgdir><imgdir name="stabO2"><imgdir name="1"><canvas name="0" width="49" height="28"><vector name="origin" x="58" y="35"/><int name="delay" value="30"/></canvas><canvas name="1" width="49" height="28"><vector name="origin" x="85" y="35"/><int name="delay" value="200"/><int name="a1" value="0"/></canvas></imgdir><vector name="lt" x="-82" y="-30"/><vector name="rb" x="-14" y="-12"/></imgdir><imgdir name="stabOF"><imgdir name="2"><canvas name="0" width="64" height="32"><vector name="origin" x="95" y="36"/><int name="delay" value="30"/></canvas><canvas name="1" width="49" height="28"><vector name="origin" x="112" y="35"/><int name="delay" value="200"/><int name="a1" value="0"/></canvas></imgdir><vector name="lt" x="-108" y="-32"/><vector name="rb" x="-36" y="-10"/></imgdir><imgdir name="proneStab"><imgdir name="1"><canvas name="0" width="49" height="28"><vector name="origin" x="53" y="19"/><int name="delay" value="30"/></canvas><canvas name="1" width="49" height="28"><vector name="origin" x="75" y="19"/><int name="delay" value="200"/><int name="a1" value="0"/></canvas></imgdir><vector name="lt" x="-72" y="-14"/><vector name="rb" x="-9" y="5"/></imgdir></imgdir><imgdir name="9"><imgdir name="swingO1"><imgdir name="2"><canvas name="0" width="76" height="68"><vector name="origin" x="85" y="68"/><int name="delay" value="200"/><int name="a1" value="0"/></canvas></imgdir><vector name="lt" x="-77" y="-61"/><vector name="rb" x="0" y="-9"/></imgdir><imgdir name="swingO2"><imgdir name="2"><canvas name="0" width="88" height="82"><vector name="origin" x="77" y="66"/><int name="delay" value="200"/><int name="a1" value="0"/></canvas></imgdir><vector name="lt" x="-69" y="-55"/><vector name="rb" x="12" y="11"/></imgdir><imgdir name="swingO3"><imgdir name="2"><canvas name="0" width="93" height="51"><vector name="origin" x="102" y="60"/><int name="delay" value="200"/><int name="a1" value="0"/></canvas></imgdir><vector name="lt" x="-94" y="-50"/><vector name="rb" x="-20" y="-14"/></imgdir><imgdir name="swingOF"><imgdir name="3"><canvas name="0" width="136" height="57"><vector name="origin" x="127" y="48"/><int name="delay" value="200"/><int name="a1" value="0"/></canvas></imgdir><vector name="lt" x="-118" y="-40"/><vector name="rb" x="-3" y="1"/></imgdir><imgdir name="stabO1"><imgdir name="1"><canvas name="0" width="49" height="28"><vector name="origin" x="60" y="36"/><int name="delay" value="30"/></canvas><canvas name="1" width="49" height="28"><vector name="origin" x="86" y="36"/><int name="delay" value="200"/><int name="a1" value="0"/></canvas></imgdir><vector name="lt" x="-82" y="-30"/><vector name="rb" x="-17" y="-14"/></imgdir><imgdir name="stabO2"><imgdir name="1"><canvas name="0" width="49" height="28"><vector name="origin" x="58" y="35"/><int name="delay" value="30"/></canvas><canvas name="1" width="49" height="28"><vector name="origin" x="85" y="35"/><int name="delay" value="200"/><int name="a1" value="0"/></canvas></imgdir><vector name="lt" x="-82" y="-30"/><vector name="rb" x="-14" y="-12"/></imgdir><imgdir name="stabOF"><imgdir name="2"><canvas name="0" width="64" height="32"><vector name="origin" x="95" y="36"/><int name="delay" value="30"/></canvas><canvas name="1" width="49" height="28"><vector name="origin" x="112" y="35"/><int name="delay" value="200"/><int name="a1" value="0"/></canvas></imgdir><vector name="lt" x="-108" y="-32"/><vector name="rb" x="-36" y="-10"/></imgdir><imgdir name="proneStab"><imgdir name="1"><canvas name="0" width="49" height="28"><vector name="origin" x="53" y="19"/><int name="delay" value="30"/></canvas><canvas name="1" width="49" height="28"><vector name="origin" x="75" y="19"/><int name="delay" value="200"/><int name="a1" value="0"/></canvas></imgdir><vector name="lt" x="-72" y="-14"/><vector name="rb" x="-9" y="5"/></imgdir></imgdir><imgdir name="10"><imgdir name="swingO1"><imgdir name="2"><canvas name="0" width="70" height="69"><vector name="origin" x="85" y="72"/><int name="delay" value="200"/><int name="a1" value="0"/></canvas></imgdir><vector name="lt" x="-77" y="-61"/><vector name="rb" x="0" y="-9"/></imgdir><imgdir name="swingO2"><imgdir name="2"><canvas name="0" width="74" height="87"><vector name="origin" x="77" y="63"/><int name="delay" value="200"/><int name="a1" value="0"/></canvas></imgdir><vector name="lt" x="-69" y="-55"/><vector name="rb" x="12" y="11"/></imgdir><imgdir name="swingO3"><imgdir name="2"><canvas name="0" width="74" height="54"><vector name="origin" x="103" y="57"/><int name="delay" value="200"/><int name="a1" value="0"/></canvas></imgdir><vector name="lt" x="-94" y="-50"/><vector name="rb" x="-20" y="-14"/></imgdir><imgdir name="swingOF"><imgdir name="3"><canvas name="0" width="118" height="54"><vector name="origin" x="126" y="43"/><int name="delay" value="200"/><int name="a1" value="0"/></canvas></imgdir><vector name="lt" x="-118" y="-40"/><vector name="rb" x="-3" y="1"/></imgdir><imgdir name="stabO1"><imgdir name="1"><canvas name="0" width="52" height="37"><vector name="origin" x="60" y="42"/><int name="delay" value="30"/></canvas><canvas name="1" width="52" height="37"><vector name="origin" x="86" y="42"/><int name="delay" value="200"/><int name="a1" value="0"/></canvas></imgdir><vector name="lt" x="-82" y="-30"/><vector name="rb" x="-17" y="-14"/></imgdir><imgdir name="stabO2"><imgdir name="1"><canvas name="0" width="52" height="37"><vector name="origin" x="58" y="41"/><int name="delay" value="30"/></canvas><canvas name="1" width="52" height="37"><vector name="origin" x="85" y="41"/><int name="delay" value="200"/><int name="a1" value="0"/></canvas></imgdir><vector name="lt" x="-82" y="-30"/><vector name="rb" x="-14" y="-12"/></imgdir><imgdir name="stabOF"><imgdir name="2"><canvas name="0" width="67" height="47"><vector name="origin" x="93" y="45"/><int name="delay" value="30"/></canvas><canvas name="1" width="67" height="47"><vector name="origin" x="117" y="45"/><int name="delay" value="200"/><int name="a1" value="0"/></canvas></imgdir><vector name="lt" x="-108" y="-32"/><vector name="rb" x="-36" y="-10"/></imgdir><imgdir name="proneStab"><imgdir name="1"><canvas name="0" width="52" height="37"><vector name="origin" x="53" y="24"/><int name="delay" value="30"/></canvas><canvas name="1" width="52" height="37"><vector name="origin" x="75" y="24"/><int name="delay" value="200"/><int name="a1" value="0"/></canvas></imgdir><vector name="lt" x="-72" y="-14"/><vector name="rb" x="-9" y="5"/></imgdir></imgdir><imgdir name="charge"><imgdir name="1"><imgdir name="swingO1"><imgdir name="2"><canvas name="0" width="125" height="73"><vector name="origin" x="114" y="76"/><int name="delay" value="300"/><int name="a1" value="0"/></canvas></imgdir><vector name="lt" x="-88" y="-62"/><vector name="rb" x="-18" y="-6"/></imgdir><imgdir name="swingO2"><imgdir name="2"><canvas name="0" width="128" height="83"><vector name="origin" x="95" y="58"/><int name="delay" value="300"/><int name="a1" value="0"/></canvas></imgdir><vector name="lt" x="-73" y="-50"/><vector name="rb" x="5" y="17"/></imgdir><imgdir name="swingO3"><imgdir name="2"><canvas name="0" width="123" height="55"><vector name="origin" x="119" y="54"/><int name="delay" value="300"/><int name="a1" value="0"/></canvas></imgdir><vector name="lt" x="-102" y="-50"/><vector name="rb" x="-22" y="-10"/></imgdir><imgdir name="swingOF"><imgdir name="3"><canvas name="0" width="158" height="55"><vector name="origin" x="153" y="46"/><int name="delay" value="300"/><int name="a1" value="0"/></canvas></imgdir><vector name="lt" x="-123" y="-48"/><vector name="rb" x="13" y="-1"/></imgdir><imgdir name="stabO1"><imgdir name="1"><canvas name="0" width="74" height="45"><vector name="origin" x="65" y="46"/><int name="delay" value="50"/></canvas><canvas name="1" width="74" height="45"><vector name="origin" x="94" y="46"/><int name="delay" value="300"/><int name="a1" value="0"/></canvas></imgdir><vector name="lt" x="-84" y="-30"/><vector name="rb" x="-20" y="-15"/></imgdir><imgdir name="stabO2"><imgdir name="1"><canvas name="0" width="74" height="45"><vector name="origin" x="52" y="46"/><int name="delay" value="50"/></canvas><canvas name="1" width="74" height="45"><vector name="origin" x="83" y="46"/><int name="delay" value="300"/><int name="a1" value="0"/></canvas></imgdir><vector name="lt" x="-83" y="-30"/><vector name="rb" x="-12" y="-16"/></imgdir><imgdir name="stabOF"><imgdir name="2"><canvas name="0" width="98" height="64"><vector name="origin" x="86" y="52"/><int name="delay" value="50"/></canvas><canvas name="1" width="98" height="64"><vector name="origin" x="116" y="52"/><int name="delay" value="300"/><int name="a1" value="0"/></canvas></imgdir><vector name="lt" x="-110" y="-32"/><vector name="rb" x="-40" y="-11"/></imgdir><imgdir name="proneStab"><imgdir name="1"><canvas name="0" width="74" height="45"><vector name="origin" x="54" y="26"/><int name="delay" value="50"/></canvas><canvas name="1" width="74" height="45"><vector name="origin" x="74" y="26"/><int name="delay" value="300"/><int name="a1" value="0"/></canvas></imgdir><vector name="lt" x="-74" y="-11"/><vector name="rb" x="-15" y="1"/></imgdir></imgdir><imgdir name="2"><imgdir name="swingO1"><imgdir name="2"><canvas name="0" width="109" height="76"><vector name="origin" x="99" y="76"/><int name="delay" value="300"/><int name="a1" value="0"/></canvas></imgdir><vector name="lt" x="-88" y="-62"/><vector name="rb" x="-18" y="-6"/></imgdir><imgdir name="swingO2"><imgdir name="2"><canvas name="0" width="120" height="82"><vector name="origin" x="105" y="57"/><int name="delay" value="300"/><int name="a1" value="0"/></canvas></imgdir><vector name="lt" x="-73" y="-50"/><vector name="rb" x="5" y="17"/></imgdir><imgdir name="swingO3"><imgdir name="2"><canvas name="0" width="121" height="52"><vector name="origin" x="121" y="56"/><int name="delay" value="300"/><int name="a1" value="0"/></canvas></imgdir><vector name="lt" x="-102" y="-50"/><vector name="rb" x="-22" y="-10"/></imgdir><imgdir name="swingOF"><imgdir name="3"><canvas name="0" width="168" height="56"><vector name="origin" x="156" y="48"/><int name="delay" value="300"/><int name="a1" value="0"/></canvas></imgdir><vector name="lt" x="-123" y="-48"/><vector name="rb" x="13" y="-1"/></imgdir><imgdir name="stabO1"><imgdir name="1"><canvas name="0" width="77" height="29"><vector name="origin" x="65" y="39"/><int name="delay" value="50"/></canvas><canvas name="1" width="77" height="29"><vector name="origin" x="94" y="39"/><int name="delay" value="300"/><int name="a1" value="0"/></canvas></imgdir><vector name="lt" x="-84" y="-30"/><vector name="rb" x="-20" y="-15"/></imgdir><imgdir name="stabO2"><imgdir name="1"><canvas name="0" width="77" height="29"><vector name="origin" x="51" y="39"/><int name="delay" value="50"/></canvas><canvas name="1" width="77" height="29"><vector name="origin" x="82" y="39"/><int name="delay" value="300"/><int name="a1" value="0"/></canvas></imgdir><vector name="lt" x="-83" y="-30"/><vector name="rb" x="-12" y="-16"/></imgdir><imgdir name="stabOF"><imgdir name="2"><canvas name="0" width="80" height="42"><vector name="origin" x="86" y="43"/><int name="delay" value="50"/></canvas><canvas name="1" width="80" height="42"><vector name="origin" x="114" y="43"/><int name="delay" value="300"/><int name="a1" value="0"/></canvas></imgdir><vector name="lt" x="-110" y="-32"/><vector name="rb" x="-40" y="-11"/></imgdir><imgdir name="proneStab"><imgdir name="1"><canvas name="0" width="77" height="29"><vector name="origin" x="54" y="19"/><int name="delay" value="50"/></canvas><canvas name="1" width="77" height="29"><vector name="origin" x="74" y="19"/><int name="delay" value="300"/><int name="a1" value="0"/></canvas></imgdir><vector name="lt" x="-74" y="-11"/><vector name="rb" x="-15" y="1"/></imgdir></imgdir><imgdir name="3"><imgdir name="swingO1"><imgdir name="2"><canvas name="0" width="92" height="67"><vector name="origin" x="101" y="72"/><int name="delay" value="300"/><int name="a1" value="0"/></canvas></imgdir><vector name="lt" x="-88" y="-62"/><vector name="rb" x="-18" y="-6"/></imgdir><imgdir name="swingO2"><imgdir name="2"><canvas name="0" width="109" height="83"><vector name="origin" x="91" y="58"/><int name="delay" value="300"/><int name="a1" value="0"/></canvas></imgdir><vector name="lt" x="-73" y="-50"/><vector name="rb" x="5" y="17"/></imgdir><imgdir name="swingO3"><imgdir name="2"><canvas name="0" width="104" height="49"><vector name="origin" x="115" y="53"/><int name="delay" value="300"/><int name="a1" value="0"/></canvas></imgdir><vector name="lt" x="-102" y="-50"/><vector name="rb" x="-22" y="-10"/></imgdir><imgdir name="swingOF"><imgdir name="3"><canvas name="0" width="147" height="61"><vector name="origin" x="144" y="54"/><int name="delay" value="300"/><int name="a1" value="0"/></canvas></imgdir><vector name="lt" x="-123" y="-48"/><vector name="rb" x="13" y="-1"/></imgdir><imgdir name="stabO1"><imgdir name="1"><canvas name="0" width="68" height="33"><vector name="origin" x="65" y="42"/><int name="delay" value="50"/></canvas><canvas name="1" width="68" height="33"><vector name="origin" x="90" y="42"/><int name="delay" value="300"/><int name="a1" value="0"/></canvas></imgdir><vector name="lt" x="-84" y="-30"/><vector name="rb" x="-20" y="-15"/></imgdir><imgdir name="stabO2"><imgdir name="1"><canvas name="0" width="68" height="33"><vector name="origin" x="54" y="41"/><int name="delay" value="50"/></canvas><canvas name="1" width="68" height="33"><vector name="origin" x="86" y="41"/><int name="delay" value="300"/><int name="a1" value="0"/></canvas></imgdir><vector name="lt" x="-83" y="-30"/><vector name="rb" x="-12" y="-16"/></imgdir><imgdir name="stabOF"><imgdir name="2"><canvas name="0" width="84" height="42"><vector name="origin" x="86" y="44"/><int name="delay" value="50"/></canvas><canvas name="1" width="84" height="42"><vector name="origin" x="115" y="44"/><int name="delay" value="300"/><int name="a1" value="0"/></canvas></imgdir><vector name="lt" x="-110" y="-32"/><vector name="rb" x="-40" y="-11"/></imgdir><imgdir name="proneStab"><imgdir name="1"><canvas name="0" width="68" height="33"><vector name="origin" x="54" y="21"/><int name="delay" value="50"/></canvas><canvas name="1" width="68" height="33"><vector name="origin" x="74" y="21"/><int name="delay" value="300"/><int name="a1" value="0"/></canvas></imgdir><vector name="lt" x="-74" y="-11"/><vector name="rb" x="-15" y="1"/></imgdir></imgdir><imgdir name="5"><imgdir name="swingO1"><imgdir name="2"><canvas name="0" width="184" height="107"><vector name="origin" x="134" y="81"/><int name="delay" value="300"/><int name="a1" value="0"/></canvas></imgdir><vector name="lt" x="-88" y="-62"/><vector name="rb" x="-18" y="-6"/></imgdir><imgdir name="swingO2"><imgdir name="2"><canvas name="0" width="101" height="105"><vector name="origin" x="89" y="68"/><int name="delay" value="300"/><int name="a1" value="0"/></canvas></imgdir><vector name="lt" x="-73" y="-50"/><vector name="rb" x="5" y="17"/></imgdir><imgdir name="swingO3"><imgdir name="2"><canvas name="0" width="128" height="76"><vector name="origin" x="121" y="61"/><int name="delay" value="300"/><int name="a1" value="0"/></canvas></imgdir><vector name="lt" x="-102" y="-50"/><vector name="rb" x="-22" y="-10"/></imgdir><imgdir name="swingOF"><imgdir name="3"><canvas name="0" width="167" height="83"><vector name="origin" x="153" y="59"/><int name="delay" value="300"/><int name="a1" value="0"/></canvas></imgdir><vector name="lt" x="-123" y="-48"/><vector name="rb" x="13" y="-1"/></imgdir><imgdir name="stabO1"><imgdir name="1"><canvas name="0" width="89" height="48"><vector name="origin" x="91" y="48"/><int name="delay" value="50"/></canvas></imgdir><vector name="lt" x="-84" y="-30"/><vector name="rb" x="-20" y="-15"/></imgdir><imgdir name="stabO2"><imgdir name="1"><canvas name="0" width="115" height="48"><vector name="origin" x="95" y="43"/><int name="delay" value="50"/></canvas></imgdir><vector name="lt" x="-83" y="-30"/><vector name="rb" x="-12" y="-16"/></imgdir><imgdir name="stabOF"><imgdir name="2"><canvas name="0" width="121" height="79"><vector name="origin" x="128" y="61"/><int name="delay" value="50"/></canvas></imgdir><vector name="lt" x="-110" y="-32"/><vector name="rb" x="-40" y="-11"/></imgdir><imgdir name="proneStab"><imgdir name="1"><canvas name="0" width="100" height="58"><vector name="origin" x="92" y="33"/><int name="delay" value="50"/></canvas></imgdir><vector name="lt" x="-74" y="-11"/><vector name="rb" x="-15" y="1"/></imgdir></imgdir></imgdir></imgdir>